Title,Description,Priority,Labels,Status
"🔴 [Critical] vulnerability-statistics.js:157 - Weak RNG","File: app/public/scripts/shared/vulnerability-statistics.js | Line: 157 | Pattern: Semgrep_rules_lgpl_javascript_crypto_rule-node-insecure-random-generator | Codacy ID: e151151a-eb9c-4893-b3ba-54fcd82686b2 | Research needed","Urgent","Security","Todo"
"🔴 [Critical] vulnerability-statistics.js:156 - Weak RNG","File: app/public/scripts/shared/vulnerability-statistics.js | Line: 156 | Pattern: Semgrep_rules_lgpl_javascript_crypto_rule-node-insecure-random-generator | Codacy ID: 15801a4e-a946-4756-8160-b88022efcea3 | Research needed","Urgent","Security","Todo"
"🔴 [Critical] vulnerability-details-modal.js:961 - Weak RNG","File: app/public/scripts/shared/vulnerability-details-modal.js | Line: 961 | Pattern: Semgrep_rules_lgpl_javascript_crypto_rule-node-insecure-random-generator | Codacy ID: 2811f086-463f-4309-a01a-3a53e2d89149 | Research needed","Urgent","Security","Todo"
"🔴 [Critical] tickets.js:1343 - RegExp DoS","File: app/public/scripts/pages/tickets.js | Line: 1343 | Pattern: Semgrep_javascript_dos_rule-non-literal-regexp | Codacy ID: f27d6346-7894-4545-aae9-d8560ff0a9f6 | Research needed","Urgent","Security","Todo"
"🔴 [Critical] html-content-updater.js:213 - Path Traversal","File: app/public/docs-html/html-content-updater.js | Line: 213 | Pattern: Semgrep_javascript.lang.security.audit.path-traversal.path-join-resolve-traversal | Codacy ID: a668ee1a-92e5-4cf7-968a-954c363c5990 | Research needed","Urgent","Security","Todo"