Title,Description,Priority,Labels,Status,Assignee
"🔴 version-manager.js:43","File: app/public/scripts/version-manager.js Line: 43 | Pattern: Semgrep_javascript_pathtraversal_rule-non-literal-fs-filename | Codacy: 68670949-b196-46b2-890f-25494a249932 | Research needed","Urgent","Security","Todo",""
"🔴 fix-truncated-cves.js:244","File: app/public/scripts/fix-truncated-cves.js Line: 244 | Pattern: Semgrep_javascript_pathtraversal_rule-non-literal-fs-filename | Codacy: 0d0f6555-4889-4a33-9066-38e119c6b3d8 | Research needed","Urgent","Security","Todo",""
"🔴 version-manager.js:73","File: app/public/scripts/version-manager.js Line: 73 | Pattern: Semgrep_javascript.lang.security.audit.path-traversal | Codacy: 1273c0ca-d1a0-489a-a755-ba9816e85496 | Research needed","Urgent","Security","Todo",""
"🔴 fix-truncated-cves.js:70","File: app/public/scripts/fix-truncated-cves.js Line: 70 | Pattern: Semgrep_javascript_pathtraversal_rule-non-literal-fs-filename | Codacy: 2838ba5f-0005-409e-a4a4-381195d97137 | Research needed","Urgent","Security","Todo",""
"🔴 html-content-updater.js:219","File: app/public/docs-html/html-content-updater.js Line: 219 | Pattern: Semgrep_javascript.lang.security.audit.path-traversal | Codacy: f1dd8704-855e-45f9-ae99-8953cb1e47ca | Research needed","Urgent","Security","Todo",""
"🔴 html-content-updater.js:45","File: app/public/docs-html/html-content-updater.js Line: 45 | Pattern: Semgrep_javascript.lang.security.audit.path-traversal | Codacy: cd133085-c33d-4b14-bacf-effab1016f8f | Research needed","Urgent","Security","Todo",""
"🔴 version-manager.js:25","File: app/public/scripts/version-manager.js Line: 25 | Pattern: Semgrep_javascript_pathtraversal_rule-non-literal-fs-filename | Codacy: e41c1ec6-fa68-48fa-92ce-af7fb1f5ebfb | Research needed","Urgent","Security","Todo",""