Title,Description,Priority,Labels,Status
"🔴 version-manager.js:73","app/public/scripts/version-manager.js Line 73 | Detected possible user input going into a `path.jo... | Codacy: 1273c0ca-d1a0-48 | Research needed","Urgent","Security","Todo"
"🔴 fix-truncated-cves.js:70","app/public/scripts/fix-truncated-cves.js Line 70 | The application dynamically constructs file or pat... | Codacy: 2838ba5f-0005-40 | Research needed","Urgent","Security","Todo"
"🔴 html-content-updater.js:219","app/public/docs-html/html-content-updater.js Line 219 | Detected possible user input going into a `path.jo... | Codacy: f1dd8704-855e-45 | Research needed","Urgent","Security","Todo"
"🔴 html-content-updater.js:45","app/public/docs-html/html-content-updater.js Line 45 | Detected possible user input going into a `path.jo... | Codacy: cd133085-c33d-4b | Research needed","Urgent","Security","Todo"
"🔴 version-manager.js:25","app/public/scripts/version-manager.js Line 25 | Detected possible user input going into a `path.jo... | Codacy: 382ee8de-f82e-40 | Research needed","Urgent","Security","Todo"
"🔴 html-content-updater.js:220","app/public/docs-html/html-content-updater.js Line 220 | Detected possible user input going into a `path.jo... | Codacy: eebfabc6-b2b9-40 | Research needed","Urgent","Security","Todo"
"🔴 version-manager.js:38","app/public/scripts/version-manager.js Line 38 | The application dynamically constructs file or pat... | Codacy: b2a0e1ec-e427-47 | Research needed","Urgent","Security","Todo"
"🔴 version-manager.js:37","app/public/scripts/version-manager.js Line 37 | The application dynamically constructs file or pat... | Codacy: 8a16847d-6586-4c | Research needed","Urgent","Security","Todo"
"🔴 html-content-updater.js:356","app/public/docs-html/html-content-updater.js Line 356 | Detected possible user input going into a `path.jo... | Codacy: 5bced1b6-f969-40 | Research needed","Urgent","Security","Todo"
"🔴 html-content-updater.js:214","app/public/docs-html/html-content-updater.js Line 214 | Detected possible user input going into a `path.jo... | Codacy: 4b1ae364-8a03-4f | Research needed","Urgent","Security","Todo"
"🔴 html-content-updater.js:218","app/public/docs-html/html-content-updater.js Line 218 | Detected possible user input going into a `path.jo... | Codacy: 0480ed3b-1277-4b | Research needed","Urgent","Security","Todo"
"🔴 fix-truncated-cves.js:69","app/public/scripts/fix-truncated-cves.js Line 69 | The application dynamically constructs file or pat... | Codacy: 9d10378e-fcd1-4d | Research needed","Urgent","Security","Todo"
"🔴 html-content-updater.js:355","app/public/docs-html/html-content-updater.js Line 355 | Detected possible user input going into a `path.jo... | Codacy: 87010832-fba1-4e | Research needed","Urgent","Security","Todo"
"🔴 docs-portal-v2.js:484","app/public/docs-html/js/docs-portal-v2.js Line 484 | This application allows user-controlled URLs to be... | Codacy: 25572b8a-3f2c-46 | Research needed","Urgent","Security","Todo"
"🔴 docs-portal-v2.js:547","app/public/docs-html/js/docs-portal-v2.js Line 547 | This application allows user-controlled URLs to be... | Codacy: d816c35e-f8eb-47 | Research needed","Urgent","Security","Todo"
"🔴 vulnerability-data.js:461","app/public/scripts/shared/vulnerability-data.js Line 461 | This application allows user-controlled URLs to be... | Codacy: 7ffba983-d451-4a | Research needed","Urgent","Security","Todo"
"🔴 vulnerability-search.js:133","app/public/scripts/shared/vulnerability-search.js Line 133 | This application allows user-controlled URLs to be... | Codacy: c23c5faf-e872-4d | Research needed","Urgent","Security","Todo"
"🟠 claude-code-review.yml:36",".github/workflows/claude-code-review.yml Line 36 | An action sourced from a third-party repository on... | Codacy: d8b1a686-ace1-4a | Research needed","High","Security","Todo"
"🟠 claude.yml:35",".github/workflows/claude.yml Line 35 | An action sourced from a third-party repository on... | Codacy: 9fd4f294-f1db-40 | Research needed","High","Security","Todo"
"🔴 vulnerability-search.js:393","app/public/scripts/shared/vulnerability-search.js Line 393 | User controlled data in methods like `innerHTML`, ... | Codacy: 9827417a-9147-4a | Research needed","Urgent","Security","Todo"
"🔴 tickets.js:752","app/public/scripts/pages/tickets.js Line 752 | User controlled data in a `deviceEntry.innerHTML` ... | Codacy: 44e9b193-4d95-44 | Research needed","Urgent","Security","Todo"
"🔴 vulnerability-cards.js:148","app/public/scripts/shared/vulnerability-cards.js Line 148 | User controlled data in a `container.innerHTML` is... | Codacy: 2aa70d68-679c-46 | Research needed","Urgent","Security","Todo"
"🔴 vulnerability-statistics.js:146","app/public/scripts/shared/vulnerability-statistics.js Line 146 | User controlled data in a `element.innerHTML` is a... | Codacy: 38c9f8bb-f51d-48 | Research needed","Urgent","Security","Todo"
"🔴 pagination-controller.js:105","app/public/scripts/shared/pagination-controller.js Line 105 | User controlled data in methods like `innerHTML`, ... | Codacy: 9f66192a-ee24-48 | Research needed","Urgent","Security","Todo"
"🔴 tickets.js:1094","app/public/scripts/pages/tickets.js Line 1094 | User controlled data in a `tbody.innerHTML` is an ... | Codacy: b5166e15-5da4-4b | Research needed","Urgent","Security","Todo"
"🔴 device-security-modal.js:76","app/public/scripts/shared/device-security-modal.js Line 76 | User controlled data in methods like `innerHTML`, ... | Codacy: 78e774a3-6fd8-4d | Research needed","Urgent","Security","Todo"
"🔴 settings-modal.js:106","app/public/scripts/shared/settings-modal.js Line 106 | User controlled data in a `modalContainer.innerHTM... | Codacy: 50bb0915-0918-4c | Research needed","Urgent","Security","Todo"
"🔴 vulnerability-details-modal.js:98","app/public/scripts/shared/vulnerability-details-modal.js Line 98 | User controlled data in a `document.getElementById... | Codacy: 9c476f31-1fc7-40 | Research needed","Urgent","Security","Todo"
"🔴 header-loader.js:30","app/public/scripts/shared/header-loader.js Line 30 | User controlled data in methods like `innerHTML`, ... | Codacy: 60ae017d-7c35-47 | Research needed","Urgent","Security","Todo"
"🔴 tickets.js:1439","app/public/scripts/pages/tickets.js Line 1439 | User controlled data in a `toast.innerHTML` is an ... | Codacy: c75d01d2-7542-46 | Research needed","Urgent","Security","Todo"
"🔴 vulnerability-statistics.js:168","app/public/scripts/shared/vulnerability-statistics.js Line 168 | User controlled data in a `element.innerHTML` is a... | Codacy: bf47cded-2391-42 | Research needed","Urgent","Security","Todo"
"🔴 vulnerability-search.js:393","app/public/scripts/shared/vulnerability-search.js Line 393 | User controlled data in a `modalBody.innerHTML` is... | Codacy: a88c13d6-32a7-45 | Research needed","Urgent","Security","Todo"
"🔴 tickets.js:2155","app/public/scripts/pages/tickets.js Line 2155 | User controlled data in a `modal.innerHTML` is an ... | Codacy: 0ddd61cd-e998-46 | Research needed","Urgent","Security","Todo"
"🔴 tickets.js:2155","app/public/scripts/pages/tickets.js Line 2155 | User controlled data in methods like `innerHTML`, ... | Codacy: e09a8b98-f4fe-48 | Research needed","Urgent","Security","Todo"
"🔴 docs-portal-v2.js:1128","app/public/docs-html/js/docs-portal-v2.js Line 1128 | User controlled data in a `contentArea.innerHTML` ... | Codacy: 03276f66-b7d4-4b | Research needed","Urgent","Security","Todo"
"🔴 docs-portal-v2.js:692","app/public/docs-html/js/docs-portal-v2.js Line 692 | User controlled data in a `navContainer.innerHTML`... | Codacy: 29736608-40cd-4c | Research needed","Urgent","Security","Todo"
"🔴 security.js:19","app/public/scripts/utils/security.js Line 19 | User controlled data in methods like `innerHTML`, ... | Codacy: ca44977e-c675-48 | Research needed","Urgent","Security","Todo"
"🔴 vulnerability-cards.js:148","app/public/scripts/shared/vulnerability-cards.js Line 148 | User controlled data in methods like `innerHTML`, ... | Codacy: 72e61dac-5cb9-49 | Research needed","Urgent","Security","Todo"
"🔴 vulnerability-statistics.js:168","app/public/scripts/shared/vulnerability-statistics.js Line 168 | User controlled data in methods like `innerHTML`, ... | Codacy: e63625cd-358c-4d | Research needed","Urgent","Security","Todo"
"🔴 tickets.js:1228","app/public/scripts/pages/tickets.js Line 1228 | User controlled data in methods like `innerHTML`, ... | Codacy: 86c86f64-3a70-42 | Research needed","Urgent","Security","Todo"
"🔴 settings-modal.js:514","app/public/scripts/shared/settings-modal.js Line 514 | User controlled data in a `modal.innerHTML` is an ... | Codacy: 0722e9ad-0723-46 | Research needed","Urgent","Security","Todo"
"🔴 vulnerability-details-modal.js:160","app/public/scripts/shared/vulnerability-details-modal.js Line 160 | User controlled data in a `document.getElementById... | Codacy: 73b04486-7d9e-49 | Research needed","Urgent","Security","Todo"
"🔴 toast-manager.js:134","app/public/scripts/shared/toast-manager.js Line 134 | User controlled data in methods like `innerHTML`, ... | Codacy: 51e391a2-8fe1-4b | Research needed","Urgent","Security","Todo"
"🔴 tickets.js:1439","app/public/scripts/pages/tickets.js Line 1439 | User controlled data in methods like `innerHTML`, ... | Codacy: 65b94d30-fcfc-42 | Research needed","Urgent","Security","Todo"
"🔴 header-loader.js:30","app/public/scripts/shared/header-loader.js Line 30 | User controlled data in a `headerContainer.innerHT... | Codacy: e09f92f4-215c-40 | Research needed","Urgent","Security","Todo"
"🔴 device-security-modal.js:118","app/public/scripts/shared/device-security-modal.js Line 118 | User controlled data in a `document.getElementById... | Codacy: ae01feb9-ad27-46 | Research needed","Urgent","Security","Todo"
"🔴 docs-portal-v2.js:1171","app/public/docs-html/js/docs-portal-v2.js Line 1171 | User controlled data in methods like `innerHTML`, ... | Codacy: 7fd97adf-78f9-45 | Research needed","Urgent","Security","Todo"
"🔴 docs-portal-v2.js:692","app/public/docs-html/js/docs-portal-v2.js Line 692 | User controlled data in methods like `innerHTML`, ... | Codacy: 0358be0b-0e01-45 | Research needed","Urgent","Security","Todo"
"🔴 docs-portal-v2.js:1128","app/public/docs-html/js/docs-portal-v2.js Line 1128 | User controlled data in methods like `innerHTML`, ... | Codacy: 1463088e-667d-4b | Research needed","Urgent","Security","Todo"
"🔴 security.js:52","app/public/scripts/utils/security.js Line 52 | User controlled data in a `element.innerHTML` is a... | Codacy: a2ef1211-5f08-41 | Research needed","Urgent","Security","Todo"
"🔴 vulnerability-cards.js:47","app/public/scripts/shared/vulnerability-cards.js Line 47 | User controlled data in methods like `innerHTML`, ... | Codacy: 7ce5325c-b02d-4b | Research needed","Urgent","Security","Todo"
"🔴 vulnerability-details-modal.js:160","app/public/scripts/shared/vulnerability-details-modal.js Line 160 | User controlled data in methods like `innerHTML`, ... | Codacy: f95c6204-56e6-4d | Research needed","Urgent","Security","Todo"
"🔴 toast-manager.js:412","app/public/scripts/shared/toast-manager.js Line 412 | User controlled data in a `errorContainer.innerHTM... | Codacy: 8709c1f0-ece4-4c | Research needed","Urgent","Security","Todo"
"🔴 toast-manager.js:412","app/public/scripts/shared/toast-manager.js Line 412 | User controlled data in methods like `innerHTML`, ... | Codacy: 6d4e6029-e3c3-4c | Research needed","Urgent","Security","Todo"
"🔴 toast-manager.js:134","app/public/scripts/shared/toast-manager.js Line 134 | User controlled data in a `toast.innerHTML` is an ... | Codacy: 13f7260a-73e7-47 | Research needed","Urgent","Security","Todo"
"🔴 pagination-controller.js:105","app/public/scripts/shared/pagination-controller.js Line 105 | User controlled data in a `container.innerHTML` is... | Codacy: e09001b2-f993-43 | Research needed","Urgent","Security","Todo"
"🔴 tickets.js:752","app/public/scripts/pages/tickets.js Line 752 | User controlled data in methods like `innerHTML`, ... | Codacy: 87e2b946-19e4-4c | Research needed","Urgent","Security","Todo"
"🔴 tickets.js:1228","app/public/scripts/pages/tickets.js Line 1228 | User controlled data in a `paginationControls.inne... | Codacy: 1a5f306c-e719-4b | Research needed","Urgent","Security","Todo"
"🔴 tickets.js:1094","app/public/scripts/pages/tickets.js Line 1094 | User controlled data in methods like `innerHTML`, ... | Codacy: 84eb0623-cd5a-40 | Research needed","Urgent","Security","Todo"
"🔴 device-security-modal.js:76","app/public/scripts/shared/device-security-modal.js Line 76 | User controlled data in a `document.getElementById... | Codacy: 761f2dfb-e313-41 | Research needed","Urgent","Security","Todo"
"🔴 docs-portal-v2.js:1171","app/public/docs-html/js/docs-portal-v2.js Line 1171 | User controlled data in a `breadcrumb.innerHTML` i... | Codacy: 0ad7dbe2-757c-40 | Research needed","Urgent","Security","Todo"
"🔴 settings-modal.js:514","app/public/scripts/shared/settings-modal.js Line 514 | User controlled data in methods like `innerHTML`, ... | Codacy: 2b8bb772-fe92-47 | Research needed","Urgent","Security","Todo"
"🔴 device-security-modal.js:118","app/public/scripts/shared/device-security-modal.js Line 118 | User controlled data in methods like `innerHTML`, ... | Codacy: 34c3fa6e-fc82-42 | Research needed","Urgent","Security","Todo"
"🔴 security.js:52","app/public/scripts/utils/security.js Line 52 | User controlled data in methods like `innerHTML`, ... | Codacy: 356cd886-801b-43 | Research needed","Urgent","Security","Todo"
"🔴 vulnerability-cards.js:47","app/public/scripts/shared/vulnerability-cards.js Line 47 | User controlled data in a `container.innerHTML` is... | Codacy: 9e7f3720-ece9-4b | Research needed","Urgent","Security","Todo"
"🔴 docs-portal-v2.js:1108","app/public/docs-html/js/docs-portal-v2.js Line 1108 | User controlled data in methods like `innerHTML`, ... | Codacy: 89a69f3f-c971-43 | Research needed","Urgent","Security","Todo"
"🔴 docs-portal-v2.js:1108","app/public/docs-html/js/docs-portal-v2.js Line 1108 | User controlled data in a `contentArea.innerHTML` ... | Codacy: c1ca22fa-2a0b-45 | Research needed","Urgent","Security","Todo"
"🔴 security.js:19","app/public/scripts/utils/security.js Line 19 | User controlled data in a `element.innerHTML` is a... | Codacy: cfa2ad52-1ebc-44 | Research needed","Urgent","Security","Todo"
"🔴 settings-modal.js:106","app/public/scripts/shared/settings-modal.js Line 106 | User controlled data in methods like `innerHTML`, ... | Codacy: da6f473b-24c0-46 | Research needed","Urgent","Security","Todo"
"🔴 vulnerability-details-modal.js:98","app/public/scripts/shared/vulnerability-details-modal.js Line 98 | User controlled data in methods like `innerHTML`, ... | Codacy: 7c6bd7af-15e8-4c | Research needed","Urgent","Security","Todo"
"🔴 vulnerability-statistics.js:146","app/public/scripts/shared/vulnerability-statistics.js Line 146 | User controlled data in methods like `innerHTML`, ... | Codacy: 6585d9a9-0c9e-42 | Research needed","Urgent","Security","Todo"