[
  {
    "title": "\ud83d\udd34 [Critical] vulnerability-statistics.js:157 - Weak RNG",
    "description": "## Security Issue Detected\n\n**File:** `app/public/scripts/shared/vulnerability-statistics.js`  \n**Line:** 157  \n**Severity:** Critical  \n**Pattern:** `Semgrep_rules_lgpl_javascript_crypto_rule-node-insecure-random-generator`\n\n### What Codacy Found\nThis rule identifies use of cryptographically weak random number generators.\n\n### Status\n- **Detected:** 2025-09-11T00:27:05.271Z\n- **Codacy ID:** `e151151a-eb9c-4893-b3ba-54fcd82686b2`\n- **Link:** https://app.codacy.com/p/727098/issues/index?resultDataId=131372153301\n\n### Next Steps\n**\ud83d\udd0d Research needed** - Fix and testing requirements to be determined.\n\n### Notes\n- Auto-imported from Codacy scan\n- Review individually",
    "labels": [
      "Security"
    ],
    "priority": 1,
    "state": "Todo",
    "team": "Hextrackr"
  },
  {
    "title": "\ud83d\udd34 [Critical] vulnerability-statistics.js:156 - Weak RNG",
    "description": "## Security Issue Detected\n\n**File:** `app/public/scripts/shared/vulnerability-statistics.js`  \n**Line:** 156  \n**Severity:** Critical  \n**Pattern:** `Semgrep_rules_lgpl_javascript_crypto_rule-node-insecure-random-generator`\n\n### What Codacy Found\nThis rule identifies use of cryptographically weak random number generators.\n\n### Status\n- **Detected:** 2025-09-11T00:27:05.271Z\n- **Codacy ID:** `15801a4e-a946-4756-8160-b88022efcea3`\n- **Link:** https://app.codacy.com/p/727098/issues/index?resultDataId=131372153357\n\n### Next Steps\n**\ud83d\udd0d Research needed** - Fix and testing requirements to be determined.\n\n### Notes\n- Auto-imported from Codacy scan\n- Review individually",
    "labels": [
      "Security"
    ],
    "priority": 1,
    "state": "Todo",
    "team": "Hextrackr"
  },
  {
    "title": "\ud83d\udd34 [Critical] vulnerability-details-modal.js:961 - Weak RNG",
    "description": "## Security Issue Detected\n\n**File:** `app/public/scripts/shared/vulnerability-details-modal.js`  \n**Line:** 961  \n**Severity:** Critical  \n**Pattern:** `Semgrep_rules_lgpl_javascript_crypto_rule-node-insecure-random-generator`\n\n### What Codacy Found\nThis rule identifies use of cryptographically weak random number generators.\n\n### Status\n- **Detected:** 2025-09-11T00:27:05.271Z\n- **Codacy ID:** `2811f086-463f-4309-a01a-3a53e2d89149`\n- **Link:** https://app.codacy.com/p/727098/issues/index?resultDataId=131372153353\n\n### Next Steps\n**\ud83d\udd0d Research needed** - Fix and testing requirements to be determined.\n\n### Notes\n- Auto-imported from Codacy scan\n- Review individually",
    "labels": [
      "Security"
    ],
    "priority": 1,
    "state": "Todo",
    "team": "Hextrackr"
  },
  {
    "title": "\ud83d\udd34 [Critical] tickets.js:1343 - RegExp DoS",
    "description": "## Security Issue Detected\n\n**File:** `app/public/scripts/pages/tickets.js`  \n**Line:** 1343  \n**Severity:** Critical  \n**Pattern:** `Semgrep_javascript_dos_rule-non-literal-regexp`\n\n### What Codacy Found\nThe `RegExp` constructor was called with a non-literal value.\n\n### Status\n- **Detected:** 2025-09-11T00:27:05.271Z\n- **Codacy ID:** `f27d6346-7894-4545-aae9-d8560ff0a9f6`\n- **Link:** https://app.codacy.com/p/727098/issues/index?resultDataId=131372153356\n\n### Next Steps\n**\ud83d\udd0d Research needed** - Fix and testing requirements to be determined.\n\n### Notes\n- Auto-imported from Codacy scan\n- Review individually",
    "labels": [
      "Security"
    ],
    "priority": 1,
    "state": "Todo",
    "team": "Hextrackr"
  },
  {
    "title": "\ud83d\udd34 [Critical] html-content-updater.js:213 - Path Traversal",
    "description": "## Security Issue Detected\n\n**File:** `app/public/docs-html/html-content-updater.js`  \n**Line:** 213  \n**Severity:** Critical  \n**Pattern:** `Semgrep_javascript.lang.security.audit.path-traversal.path-join-resolve-traversal.path-join-resolve-traversal`\n\n### What Codacy Found\nDetected possible user input going into a `path.join` or `path.resolve` function.\n\n### Status\n- **Detected:** 2025-09-11T00:27:05.271Z\n- **Codacy ID:** `a668ee1a-92e5-4cf7-968a-954c363c5990`\n- **Link:** https://app.codacy.com/p/727098/issues/index?resultDataId=131372153358\n\n### Next Steps\n**\ud83d\udd0d Research needed** - Fix and testing requirements to be determined.\n\n### Notes\n- Auto-imported from Codacy scan\n- Review individually",
    "labels": [
      "Security"
    ],
    "priority": 1,
    "state": "Todo",
    "team": "Hextrackr"
  },
  {
    "title": "\ud83d\udd34 [Critical] version-manager.js:24 - Path Traversal",
    "description": "## Security Issue Detected\n\n**File:** `app/public/scripts/version-manager.js`  \n**Line:** 24  \n**Severity:** Critical  \n**Pattern:** `Semgrep_javascript.lang.security.audit.path-traversal.path-join-resolve-traversal.path-join-resolve-traversal`\n\n### What Codacy Found\nDetected possible user input going into a `path.join` or `path.resolve` function.\n\n### Status\n- **Detected:** 2025-09-11T00:27:05.271Z\n- **Codacy ID:** `6b9cb290-240f-4ca9-8118-e49dbb51e91c`\n- **Link:** https://app.codacy.com/p/727098/issues/index?resultDataId=131372153341\n\n### Next Steps\n**\ud83d\udd0d Research needed** - Fix and testing requirements to be determined.\n\n### Notes\n- Auto-imported from Codacy scan\n- Review individually",
    "labels": [
      "Security"
    ],
    "priority": 1,
    "state": "Todo",
    "team": "Hextrackr"
  },
  {
    "title": "\ud83d\udd34 [Critical] html-content-updater.js:44 - Path Traversal",
    "description": "## Security Issue Detected\n\n**File:** `app/public/docs-html/html-content-updater.js`  \n**Line:** 44  \n**Severity:** Critical  \n**Pattern:** `Semgrep_javascript.lang.security.audit.path-traversal.path-join-resolve-traversal.path-join-resolve-traversal`\n\n### What Codacy Found\nDetected possible user input going into a `path.join` or `path.resolve` function.\n\n### Status\n- **Detected:** 2025-09-11T00:27:05.271Z\n- **Codacy ID:** `cdd45dca-402c-4c02-bd4f-c3ac16c886b9`\n- **Link:** https://app.codacy.com/p/727098/issues/index?resultDataId=131372153352\n\n### Next Steps\n**\ud83d\udd0d Research needed** - Fix and testing requirements to be determined.\n\n### Notes\n- Auto-imported from Codacy scan\n- Review individually",
    "labels": [
      "Security"
    ],
    "priority": 1,
    "state": "Todo",
    "team": "Hextrackr"
  },
  {
    "title": "\ud83d\udd34 [Critical] version-manager.js:43 - Path Traversal",
    "description": "## Security Issue Detected\n\n**File:** `app/public/scripts/version-manager.js`  \n**Line:** 43  \n**Severity:** Critical  \n**Pattern:** `Semgrep_javascript_pathtraversal_rule-non-literal-fs-filename`\n\n### What Codacy Found\nThe application dynamically constructs file or path information.\n\n### Status\n- **Detected:** 2025-09-11T00:27:05.271Z\n- **Codacy ID:** `68670949-b196-46b2-890f-25494a249932`\n- **Link:** https://app.codacy.com/p/727098/issues/index?resultDataId=131372153344\n\n### Next Steps\n**\ud83d\udd0d Research needed** - Fix and testing requirements to be determined.\n\n### Notes\n- Auto-imported from Codacy scan\n- Review individually",
    "labels": [
      "Security"
    ],
    "priority": 1,
    "state": "Todo",
    "team": "Hextrackr"
  },
  {
    "title": "\ud83d\udd34 [Critical] fix-truncated-cves.js:244 - Path Traversal",
    "description": "## Security Issue Detected\n\n**File:** `app/public/scripts/fix-truncated-cves.js`  \n**Line:** 244  \n**Severity:** Critical  \n**Pattern:** `Semgrep_javascript_pathtraversal_rule-non-literal-fs-filename`\n\n### What Codacy Found\nThe application dynamically constructs file or path information.\n\n### Status\n- **Detected:** 2025-09-11T00:27:05.271Z\n- **Codacy ID:** `0d0f6555-4889-4a33-9066-38e119c6b3d8`\n- **Link:** https://app.codacy.com/p/727098/issues/index?resultDataId=131372153360\n\n### Next Steps\n**\ud83d\udd0d Research needed** - Fix and testing requirements to be determined.\n\n### Notes\n- Auto-imported from Codacy scan\n- Review individually",
    "labels": [
      "Security"
    ],
    "priority": 1,
    "state": "Todo",
    "team": "Hextrackr"
  },
  {
    "title": "\ud83d\udd34 [Critical] version-manager.js:73 - Path Traversal",
    "description": "## Security Issue Detected\n\n**File:** `app/public/scripts/version-manager.js`  \n**Line:** 73  \n**Severity:** Critical  \n**Pattern:** `Semgrep_javascript.lang.security.audit.path-traversal.path-join-resolve-traversal.path-join-resolve-traversal`\n\n### What Codacy Found\nDetected possible user input going into a `path.join` or `path.resolve` function.\n\n### Status\n- **Detected:** 2025-09-11T00:27:05.271Z\n- **Codacy ID:** `1273c0ca-d1a0-489a-a755-ba9816e85496`\n- **Link:** https://app.codacy.com/p/727098/issues/index?resultDataId=131372153368\n\n### Next Steps\n**\ud83d\udd0d Research needed** - Fix and testing requirements to be determined.\n\n### Notes\n- Auto-imported from Codacy scan\n- Review individually",
    "labels": [
      "Security"
    ],
    "priority": 1,
    "state": "Todo",
    "team": "Hextrackr"
  },
  {
    "title": "\ud83d\udd34 [Critical] fix-truncated-cves.js:70 - Path Traversal",
    "description": "## Security Issue Detected\n\n**File:** `app/public/scripts/fix-truncated-cves.js`  \n**Line:** 70  \n**Severity:** Critical  \n**Pattern:** `Semgrep_javascript_pathtraversal_rule-non-literal-fs-filename`\n\n### What Codacy Found\nThe application dynamically constructs file or path information.\n\n### Status\n- **Detected:** 2025-09-11T00:27:05.271Z\n- **Codacy ID:** `2838ba5f-0005-409e-a4a4-381195d97137`\n- **Link:** https://app.codacy.com/p/727098/issues/index?resultDataId=131372153313\n\n### Next Steps\n**\ud83d\udd0d Research needed** - Fix and testing requirements to be determined.\n\n### Notes\n- Auto-imported from Codacy scan\n- Review individually",
    "labels": [
      "Security"
    ],
    "priority": 1,
    "state": "Todo",
    "team": "Hextrackr"
  },
  {
    "title": "\ud83d\udd34 [Critical] html-content-updater.js:219 - Path Traversal",
    "description": "## Security Issue Detected\n\n**File:** `app/public/docs-html/html-content-updater.js`  \n**Line:** 219  \n**Severity:** Critical  \n**Pattern:** `Semgrep_javascript.lang.security.audit.path-traversal.path-join-resolve-traversal.path-join-resolve-traversal`\n\n### What Codacy Found\nDetected possible user input going into a `path.join` or `path.resolve` function.\n\n### Status\n- **Detected:** 2025-09-11T00:27:05.271Z\n- **Codacy ID:** `f1dd8704-855e-45f9-ae99-8953cb1e47ca`\n- **Link:** https://app.codacy.com/p/727098/issues/index?resultDataId=131372153342\n\n### Next Steps\n**\ud83d\udd0d Research needed** - Fix and testing requirements to be determined.\n\n### Notes\n- Auto-imported from Codacy scan\n- Review individually",
    "labels": [
      "Security"
    ],
    "priority": 1,
    "state": "Todo",
    "team": "Hextrackr"
  },
  {
    "title": "\ud83d\udd34 [Critical] html-content-updater.js:45 - Path Traversal",
    "description": "## Security Issue Detected\n\n**File:** `app/public/docs-html/html-content-updater.js`  \n**Line:** 45  \n**Severity:** Critical  \n**Pattern:** `Semgrep_javascript.lang.security.audit.path-traversal.path-join-resolve-traversal.path-join-resolve-traversal`\n\n### What Codacy Found\nDetected possible user input going into a `path.join` or `path.resolve` function.\n\n### Status\n- **Detected:** 2025-09-11T00:27:05.271Z\n- **Codacy ID:** `cd133085-c33d-4b14-bacf-effab1016f8f`\n- **Link:** https://app.codacy.com/p/727098/issues/index?resultDataId=131372153364\n\n### Next Steps\n**\ud83d\udd0d Research needed** - Fix and testing requirements to be determined.\n\n### Notes\n- Auto-imported from Codacy scan\n- Review individually",
    "labels": [
      "Security"
    ],
    "priority": 1,
    "state": "Todo",
    "team": "Hextrackr"
  },
  {
    "title": "\ud83d\udd34 [Critical] version-manager.js:25 - Path Traversal",
    "description": "## Security Issue Detected\n\n**File:** `app/public/scripts/version-manager.js`  \n**Line:** 25  \n**Severity:** Critical  \n**Pattern:** `Semgrep_javascript.lang.security.audit.path-traversal.path-join-resolve-traversal.path-join-resolve-traversal`\n\n### What Codacy Found\nDetected possible user input going into a `path.join` or `path.resolve` function.\n\n### Status\n- **Detected:** 2025-09-11T00:27:05.271Z\n- **Codacy ID:** `382ee8de-f82e-4049-9926-f10a50db8bc2`\n- **Link:** https://app.codacy.com/p/727098/issues/index?resultDataId=131372153312\n\n### Next Steps\n**\ud83d\udd0d Research needed** - Fix and testing requirements to be determined.\n\n### Notes\n- Auto-imported from Codacy scan\n- Review individually",
    "labels": [
      "Security"
    ],
    "priority": 1,
    "state": "Todo",
    "team": "Hextrackr"
  },
  {
    "title": "\ud83d\udd34 [Critical] html-content-updater.js:220 - Path Traversal",
    "description": "## Security Issue Detected\n\n**File:** `app/public/docs-html/html-content-updater.js`  \n**Line:** 220  \n**Severity:** Critical  \n**Pattern:** `Semgrep_javascript.lang.security.audit.path-traversal.path-join-resolve-traversal.path-join-resolve-traversal`\n\n### What Codacy Found\nDetected possible user input going into a `path.join` or `path.resolve` function.\n\n### Status\n- **Detected:** 2025-09-11T00:27:05.271Z\n- **Codacy ID:** `eebfabc6-b2b9-4006-9088-dc8aa62a60af`\n- **Link:** https://app.codacy.com/p/727098/issues/index?resultDataId=131372153307\n\n### Next Steps\n**\ud83d\udd0d Research needed** - Fix and testing requirements to be determined.\n\n### Notes\n- Auto-imported from Codacy scan\n- Review individually",
    "labels": [
      "Security"
    ],
    "priority": 1,
    "state": "Todo",
    "team": "Hextrackr"
  },
  {
    "title": "\ud83d\udd34 [Critical] version-manager.js:38 - Path Traversal",
    "description": "## Security Issue Detected\n\n**File:** `app/public/scripts/version-manager.js`  \n**Line:** 38  \n**Severity:** Critical  \n**Pattern:** `Semgrep_javascript_pathtraversal_rule-non-literal-fs-filename`\n\n### What Codacy Found\nThe application dynamically constructs file or path information.\n\n### Status\n- **Detected:** 2025-09-11T00:27:05.271Z\n- **Codacy ID:** `b2a0e1ec-e427-470d-bb50-ff8fd73f1e65`\n- **Link:** https://app.codacy.com/p/727098/issues/index?resultDataId=131372153329\n\n### Next Steps\n**\ud83d\udd0d Research needed** - Fix and testing requirements to be determined.\n\n### Notes\n- Auto-imported from Codacy scan\n- Review individually",
    "labels": [
      "Security"
    ],
    "priority": 1,
    "state": "Todo",
    "team": "Hextrackr"
  },
  {
    "title": "\ud83d\udd34 [Critical] version-manager.js:37 - Path Traversal",
    "description": "## Security Issue Detected\n\n**File:** `app/public/scripts/version-manager.js`  \n**Line:** 37  \n**Severity:** Critical  \n**Pattern:** `Semgrep_javascript_pathtraversal_rule-non-literal-fs-filename`\n\n### What Codacy Found\nThe application dynamically constructs file or path information.\n\n### Status\n- **Detected:** 2025-09-11T00:27:05.271Z\n- **Codacy ID:** `8a16847d-6586-4c1e-9d74-55baf8cabc4f`\n- **Link:** https://app.codacy.com/p/727098/issues/index?resultDataId=131372153330\n\n### Next Steps\n**\ud83d\udd0d Research needed** - Fix and testing requirements to be determined.\n\n### Notes\n- Auto-imported from Codacy scan\n- Review individually",
    "labels": [
      "Security"
    ],
    "priority": 1,
    "state": "Todo",
    "team": "Hextrackr"
  },
  {
    "title": "\ud83d\udd34 [Critical] html-content-updater.js:356 - Path Traversal",
    "description": "## Security Issue Detected\n\n**File:** `app/public/docs-html/html-content-updater.js`  \n**Line:** 356  \n**Severity:** Critical  \n**Pattern:** `Semgrep_javascript.lang.security.audit.path-traversal.path-join-resolve-traversal.path-join-resolve-traversal`\n\n### What Codacy Found\nDetected possible user input going into a `path.join` or `path.resolve` function.\n\n### Status\n- **Detected:** 2025-09-11T00:27:05.271Z\n- **Codacy ID:** `5bced1b6-f969-4069-a534-525ab892ede8`\n- **Link:** https://app.codacy.com/p/727098/issues/index?resultDataId=131372153306\n\n### Next Steps\n**\ud83d\udd0d Research needed** - Fix and testing requirements to be determined.\n\n### Notes\n- Auto-imported from Codacy scan\n- Review individually",
    "labels": [
      "Security"
    ],
    "priority": 1,
    "state": "Todo",
    "team": "Hextrackr"
  },
  {
    "title": "\ud83d\udd34 [Critical] html-content-updater.js:214 - Path Traversal",
    "description": "## Security Issue Detected\n\n**File:** `app/public/docs-html/html-content-updater.js`  \n**Line:** 214  \n**Severity:** Critical  \n**Pattern:** `Semgrep_javascript.lang.security.audit.path-traversal.path-join-resolve-traversal.path-join-resolve-traversal`\n\n### What Codacy Found\nDetected possible user input going into a `path.join` or `path.resolve` function.\n\n### Status\n- **Detected:** 2025-09-11T00:27:05.271Z\n- **Codacy ID:** `4b1ae364-8a03-4f93-a1d0-1a9e0b40517e`\n- **Link:** https://app.codacy.com/p/727098/issues/index?resultDataId=131372153338\n\n### Next Steps\n**\ud83d\udd0d Research needed** - Fix and testing requirements to be determined.\n\n### Notes\n- Auto-imported from Codacy scan\n- Review individually",
    "labels": [
      "Security"
    ],
    "priority": 1,
    "state": "Todo",
    "team": "Hextrackr"
  },
  {
    "title": "\ud83d\udd34 [Critical] html-content-updater.js:218 - Path Traversal",
    "description": "## Security Issue Detected\n\n**File:** `app/public/docs-html/html-content-updater.js`  \n**Line:** 218  \n**Severity:** Critical  \n**Pattern:** `Semgrep_javascript.lang.security.audit.path-traversal.path-join-resolve-traversal.path-join-resolve-traversal`\n\n### What Codacy Found\nDetected possible user input going into a `path.join` or `path.resolve` function.\n\n### Status\n- **Detected:** 2025-09-11T00:27:05.271Z\n- **Codacy ID:** `0480ed3b-1277-4b05-b644-3c0840082add`\n- **Link:** https://app.codacy.com/p/727098/issues/index?resultDataId=131372153369\n\n### Next Steps\n**\ud83d\udd0d Research needed** - Fix and testing requirements to be determined.\n\n### Notes\n- Auto-imported from Codacy scan\n- Review individually",
    "labels": [
      "Security"
    ],
    "priority": 1,
    "state": "Todo",
    "team": "Hextrackr"
  },
  {
    "title": "\ud83d\udd34 [Critical] fix-truncated-cves.js:69 - Path Traversal",
    "description": "## Security Issue Detected\n\n**File:** `app/public/scripts/fix-truncated-cves.js`  \n**Line:** 69  \n**Severity:** Critical  \n**Pattern:** `Semgrep_javascript_pathtraversal_rule-non-literal-fs-filename`\n\n### What Codacy Found\nThe application dynamically constructs file or path information.\n\n### Status\n- **Detected:** 2025-09-11T00:27:05.271Z\n- **Codacy ID:** `9d10378e-fcd1-4d09-97bb-e583d759eec4`\n- **Link:** https://app.codacy.com/p/727098/issues/index?resultDataId=131372153297\n\n### Next Steps\n**\ud83d\udd0d Research needed** - Fix and testing requirements to be determined.\n\n### Notes\n- Auto-imported from Codacy scan\n- Review individually",
    "labels": [
      "Security"
    ],
    "priority": 1,
    "state": "Todo",
    "team": "Hextrackr"
  },
  {
    "title": "\ud83d\udd34 [Critical] html-content-updater.js:355 - Path Traversal",
    "description": "## Security Issue Detected\n\n**File:** `app/public/docs-html/html-content-updater.js`  \n**Line:** 355  \n**Severity:** Critical  \n**Pattern:** `Semgrep_javascript.lang.security.audit.path-traversal.path-join-resolve-traversal.path-join-resolve-traversal`\n\n### What Codacy Found\nDetected possible user input going into a `path.join` or `path.resolve` function.\n\n### Status\n- **Detected:** 2025-09-11T00:27:05.271Z\n- **Codacy ID:** `87010832-fba1-4e65-83ed-29bc3aea821e`\n- **Link:** https://app.codacy.com/p/727098/issues/index?resultDataId=131372153340\n\n### Next Steps\n**\ud83d\udd0d Research needed** - Fix and testing requirements to be determined.\n\n### Notes\n- Auto-imported from Codacy scan\n- Review individually",
    "labels": [
      "Security"
    ],
    "priority": 1,
    "state": "Todo",
    "team": "Hextrackr"
  },
  {
    "title": "\ud83d\udd34 [Critical] docs-portal-v2.js:484 - Security Issue",
    "description": "## Security Issue Detected\n\n**File:** `app/public/docs-html/js/docs-portal-v2.js`  \n**Line:** 484  \n**Severity:** Critical  \n**Pattern:** `Semgrep_rules_lgpl_javascript_ssrf_rule-node-ssrf`\n\n### What Codacy Found\nThis application allows user-controlled URLs to be passed directly to HTTP client libraries.\n\n### Status\n- **Detected:** 2025-09-11T00:27:05.271Z\n- **Codacy ID:** `25572b8a-3f2c-46ea-8f47-ca177d7467f4`\n- **Link:** https://app.codacy.com/p/727098/issues/index?resultDataId=131372153363\n\n### Next Steps\n**\ud83d\udd0d Research needed** - Fix and testing requirements to be determined.\n\n### Notes\n- Auto-imported from Codacy scan\n- Review individually",
    "labels": [
      "Security"
    ],
    "priority": 1,
    "state": "Todo",
    "team": "Hextrackr"
  },
  {
    "title": "\ud83d\udd34 [Critical] docs-portal-v2.js:547 - Security Issue",
    "description": "## Security Issue Detected\n\n**File:** `app/public/docs-html/js/docs-portal-v2.js`  \n**Line:** 547  \n**Severity:** Critical  \n**Pattern:** `Semgrep_rules_lgpl_javascript_ssrf_rule-node-ssrf`\n\n### What Codacy Found\nThis application allows user-controlled URLs to be passed directly to HTTP client libraries.\n\n### Status\n- **Detected:** 2025-09-11T00:27:05.271Z\n- **Codacy ID:** `d816c35e-f8eb-47c9-a00b-c45d0e7395c4`\n- **Link:** https://app.codacy.com/p/727098/issues/index?resultDataId=131372153347\n\n### Next Steps\n**\ud83d\udd0d Research needed** - Fix and testing requirements to be determined.\n\n### Notes\n- Auto-imported from Codacy scan\n- Review individually",
    "labels": [
      "Security"
    ],
    "priority": 1,
    "state": "Todo",
    "team": "Hextrackr"
  },
  {
    "title": "\ud83d\udd34 [Critical] vulnerability-data.js:461 - Security Issue",
    "description": "## Security Issue Detected\n\n**File:** `app/public/scripts/shared/vulnerability-data.js`  \n**Line:** 461  \n**Severity:** Critical  \n**Pattern:** `Semgrep_rules_lgpl_javascript_ssrf_rule-node-ssrf`\n\n### What Codacy Found\nThis application allows user-controlled URLs to be passed directly to HTTP client libraries.\n\n### Status\n- **Detected:** 2025-09-11T00:27:05.271Z\n- **Codacy ID:** `7ffba983-d451-4aa0-8e2b-2ada4e6f0974`\n- **Link:** https://app.codacy.com/p/727098/issues/index?resultDataId=131372153339\n\n### Next Steps\n**\ud83d\udd0d Research needed** - Fix and testing requirements to be determined.\n\n### Notes\n- Auto-imported from Codacy scan\n- Review individually",
    "labels": [
      "Security"
    ],
    "priority": 1,
    "state": "Todo",
    "team": "Hextrackr"
  },
  {
    "title": "\ud83d\udd34 [Critical] vulnerability-search.js:133 - Security Issue",
    "description": "## Security Issue Detected\n\n**File:** `app/public/scripts/shared/vulnerability-search.js`  \n**Line:** 133  \n**Severity:** Critical  \n**Pattern:** `Semgrep_rules_lgpl_javascript_ssrf_rule-node-ssrf`\n\n### What Codacy Found\nThis application allows user-controlled URLs to be passed directly to HTTP client libraries.\n\n### Status\n- **Detected:** 2025-09-11T00:27:05.271Z\n- **Codacy ID:** `c23c5faf-e872-4d3a-acd9-c07c6b59a374`\n- **Link:** https://app.codacy.com/p/727098/issues/index?resultDataId=131372153299\n\n### Next Steps\n**\ud83d\udd0d Research needed** - Fix and testing requirements to be determined.\n\n### Notes\n- Auto-imported from Codacy scan\n- Review individually",
    "labels": [
      "Security"
    ],
    "priority": 1,
    "state": "Todo",
    "team": "Hextrackr"
  },
  {
    "title": "\ud83d\udfe0 [High] claude-code-review.yml:36 - Security Issue",
    "description": "## Security Issue Detected\n\n**File:** `.github/workflows/claude-code-review.yml`  \n**Line:** 36  \n**Severity:** High  \n**Pattern:** `Semgrep_yaml.github-actions.security.third-party-action-not-pinned-to-commit-sha.third-party-action-not-pinned-to-commit-sha`\n\n### What Codacy Found\nAn action sourced from a third-party repository on GitHub is not pinned to a full length commit SHA. Pinning an action to a full length commit SHA is currently the only way to use an action as an immutable release.\n\n### Status\n- **Detected:** 2025-09-11T00:27:05.271Z\n- **Codacy ID:** `d8b1a686-ace1-4a34-be29-307cf356bf58`\n- **Link:** https://app.codacy.com/p/727098/issues/index?resultDataId=131372153292\n\n### Next Steps\n**\ud83d\udd0d Research needed** - Fix and testing requirements to be determined.\n\n### Notes\n- Auto-imported from Codacy scan\n- Review individually",
    "labels": [
      "Security"
    ],
    "priority": 2,
    "state": "Todo",
    "team": "Hextrackr"
  },
  {
    "title": "\ud83d\udfe0 [High] claude.yml:35 - Security Issue",
    "description": "## Security Issue Detected\n\n**File:** `.github/workflows/claude.yml`  \n**Line:** 35  \n**Severity:** High  \n**Pattern:** `Semgrep_yaml.github-actions.security.third-party-action-not-pinned-to-commit-sha.third-party-action-not-pinned-to-commit-sha`\n\n### What Codacy Found\nAn action sourced from a third-party repository on GitHub is not pinned to a full length commit SHA. Pinning an action to a full length commit SHA is currently the only way to use an action as an immutable release.\n\n### Status\n- **Detected:** 2025-09-11T00:27:05.271Z\n- **Codacy ID:** `9fd4f294-f1db-40de-a335-2c3e46c2c5b4`\n- **Link:** https://app.codacy.com/p/727098/issues/index?resultDataId=131372153291\n\n### Next Steps\n**\ud83d\udd0d Research needed** - Fix and testing requirements to be determined.\n\n### Notes\n- Auto-imported from Codacy scan\n- Review individually",
    "labels": [
      "Security"
    ],
    "priority": 2,
    "state": "Todo",
    "team": "Hextrackr"
  },
  {
    "title": "\ud83d\udd34 [Critical] vulnerability-search.js:393 - Security Issue",
    "description": "## Security Issue Detected\n\n**File:** `app/public/scripts/shared/vulnerability-search.js`  \n**Line:** 393  \n**Severity:** Critical  \n**Pattern:** `Semgrep_javascript.browser.security.insecure-document-method.insecure-document-method`\n\n### What Codacy Found\nUser controlled data in methods like `innerHTML`, `outerHTML` or `document.write` is an anti-pattern that can lead to XSS vulnerabilities\n\n### Status\n- **Detected:** 2025-09-11T00:27:05.271Z\n- **Codacy ID:** `9827417a-9147-4a76-a90a-6599d22c3155`\n- **Link:** https://app.codacy.com/p/727098/issues/index?resultDataId=131372153345\n\n### Next Steps\n**\ud83d\udd0d Research needed** - Fix and testing requirements to be determined.\n\n### Notes\n- Auto-imported from Codacy scan\n- Review individually",
    "labels": [
      "Security"
    ],
    "priority": 1,
    "state": "Todo",
    "team": "Hextrackr"
  },
  {
    "title": "\ud83d\udd34 [Critical] tickets.js:752 - Security Issue",
    "description": "## Security Issue Detected\n\n**File:** `app/public/scripts/pages/tickets.js`  \n**Line:** 752  \n**Severity:** Critical  \n**Pattern:** `Semgrep_javascript.browser.security.insecure-innerhtml.insecure-innerhtml`\n\n### What Codacy Found\nUser controlled data in a `deviceEntry.innerHTML` is an anti-pattern that can lead to XSS vulnerabilities\n\n### Status\n- **Detected:** 2025-09-11T00:27:05.271Z\n- **Codacy ID:** `44e9b193-4d95-4487-94bf-5d19eb21f8ab`\n- **Link:** https://app.codacy.com/p/727098/issues/index?resultDataId=131372153370\n\n### Next Steps\n**\ud83d\udd0d Research needed** - Fix and testing requirements to be determined.\n\n### Notes\n- Auto-imported from Codacy scan\n- Review individually",
    "labels": [
      "Security"
    ],
    "priority": 1,
    "state": "Todo",
    "team": "Hextrackr"
  },
  {
    "title": "\ud83d\udd34 [Critical] vulnerability-cards.js:148 - Security Issue",
    "description": "## Security Issue Detected\n\n**File:** `app/public/scripts/shared/vulnerability-cards.js`  \n**Line:** 148  \n**Severity:** Critical  \n**Pattern:** `Semgrep_javascript.browser.security.insecure-innerhtml.insecure-innerhtml`\n\n### What Codacy Found\nUser controlled data in a `container.innerHTML` is an anti-pattern that can lead to XSS vulnerabilities\n\n### Status\n- **Detected:** 2025-09-11T00:27:05.271Z\n- **Codacy ID:** `2aa70d68-679c-4615-a161-54aa3b9da9bf`\n- **Link:** https://app.codacy.com/p/727098/issues/index?resultDataId=131372153375\n\n### Next Steps\n**\ud83d\udd0d Research needed** - Fix and testing requirements to be determined.\n\n### Notes\n- Auto-imported from Codacy scan\n- Review individually",
    "labels": [
      "Security"
    ],
    "priority": 1,
    "state": "Todo",
    "team": "Hextrackr"
  },
  {
    "title": "\ud83d\udd34 [Critical] vulnerability-statistics.js:146 - Security Issue",
    "description": "## Security Issue Detected\n\n**File:** `app/public/scripts/shared/vulnerability-statistics.js`  \n**Line:** 146  \n**Severity:** Critical  \n**Pattern:** `Semgrep_javascript.browser.security.insecure-innerhtml.insecure-innerhtml`\n\n### What Codacy Found\nUser controlled data in a `element.innerHTML` is an anti-pattern that can lead to XSS vulnerabilities\n\n### Status\n- **Detected:** 2025-09-11T00:27:05.271Z\n- **Codacy ID:** `38c9f8bb-f51d-4890-b0d8-85fff1900e62`\n- **Link:** https://app.codacy.com/p/727098/issues/index?resultDataId=131372153327\n\n### Next Steps\n**\ud83d\udd0d Research needed** - Fix and testing requirements to be determined.\n\n### Notes\n- Auto-imported from Codacy scan\n- Review individually",
    "labels": [
      "Security"
    ],
    "priority": 1,
    "state": "Todo",
    "team": "Hextrackr"
  },
  {
    "title": "\ud83d\udd34 [Critical] pagination-controller.js:105 - Security Issue",
    "description": "## Security Issue Detected\n\n**File:** `app/public/scripts/shared/pagination-controller.js`  \n**Line:** 105  \n**Severity:** Critical  \n**Pattern:** `Semgrep_javascript.browser.security.insecure-document-method.insecure-document-method`\n\n### What Codacy Found\nUser controlled data in methods like `innerHTML`, `outerHTML` or `document.write` is an anti-pattern that can lead to XSS vulnerabilities\n\n### Status\n- **Detected:** 2025-09-11T00:27:05.271Z\n- **Codacy ID:** `9f66192a-ee24-486f-b9e3-594babae6535`\n- **Link:** https://app.codacy.com/p/727098/issues/index?resultDataId=131372153309\n\n### Next Steps\n**\ud83d\udd0d Research needed** - Fix and testing requirements to be determined.\n\n### Notes\n- Auto-imported from Codacy scan\n- Review individually",
    "labels": [
      "Security"
    ],
    "priority": 1,
    "state": "Todo",
    "team": "Hextrackr"
  },
  {
    "title": "\ud83d\udd34 [Critical] tickets.js:1094 - Security Issue",
    "description": "## Security Issue Detected\n\n**File:** `app/public/scripts/pages/tickets.js`  \n**Line:** 1094  \n**Severity:** Critical  \n**Pattern:** `Semgrep_javascript.browser.security.insecure-innerhtml.insecure-innerhtml`\n\n### What Codacy Found\nUser controlled data in a `tbody.innerHTML` is an anti-pattern that can lead to XSS vulnerabilities\n\n### Status\n- **Detected:** 2025-09-11T00:27:05.271Z\n- **Codacy ID:** `b5166e15-5da4-4bad-85a7-1b30a63e8021`\n- **Link:** https://app.codacy.com/p/727098/issues/index?resultDataId=131372153349\n\n### Next Steps\n**\ud83d\udd0d Research needed** - Fix and testing requirements to be determined.\n\n### Notes\n- Auto-imported from Codacy scan\n- Review individually",
    "labels": [
      "Security"
    ],
    "priority": 1,
    "state": "Todo",
    "team": "Hextrackr"
  },
  {
    "title": "\ud83d\udd34 [Critical] device-security-modal.js:76 - Security Issue",
    "description": "## Security Issue Detected\n\n**File:** `app/public/scripts/shared/device-security-modal.js`  \n**Line:** 76  \n**Severity:** Critical  \n**Pattern:** `Semgrep_javascript.browser.security.insecure-document-method.insecure-document-method`\n\n### What Codacy Found\nUser controlled data in methods like `innerHTML`, `outerHTML` or `document.write` is an anti-pattern that can lead to XSS vulnerabilities\n\n### Status\n- **Detected:** 2025-09-11T00:27:05.271Z\n- **Codacy ID:** `78e774a3-6fd8-4d4c-bf63-52ac3e250cd2`\n- **Link:** https://app.codacy.com/p/727098/issues/index?resultDataId=131372153324\n\n### Next Steps\n**\ud83d\udd0d Research needed** - Fix and testing requirements to be determined.\n\n### Notes\n- Auto-imported from Codacy scan\n- Review individually",
    "labels": [
      "Security"
    ],
    "priority": 1,
    "state": "Todo",
    "team": "Hextrackr"
  },
  {
    "title": "\ud83d\udd34 [Critical] settings-modal.js:106 - Security Issue",
    "description": "## Security Issue Detected\n\n**File:** `app/public/scripts/shared/settings-modal.js`  \n**Line:** 106  \n**Severity:** Critical  \n**Pattern:** `Semgrep_javascript.browser.security.insecure-innerhtml.insecure-innerhtml`\n\n### What Codacy Found\nUser controlled data in a `modalContainer.innerHTML` is an anti-pattern that can lead to XSS vulnerabilities\n\n### Status\n- **Detected:** 2025-09-11T00:27:05.271Z\n- **Codacy ID:** `50bb0915-0918-4c89-b94f-1dd840e509d7`\n- **Link:** https://app.codacy.com/p/727098/issues/index?resultDataId=131372153350\n\n### Next Steps\n**\ud83d\udd0d Research needed** - Fix and testing requirements to be determined.\n\n### Notes\n- Auto-imported from Codacy scan\n- Review individually",
    "labels": [
      "Security"
    ],
    "priority": 1,
    "state": "Todo",
    "team": "Hextrackr"
  },
  {
    "title": "\ud83d\udd34 [Critical] vulnerability-details-modal.js:98 - Security Issue",
    "description": "## Security Issue Detected\n\n**File:** `app/public/scripts/shared/vulnerability-details-modal.js`  \n**Line:** 98  \n**Severity:** Critical  \n**Pattern:** `Semgrep_javascript.browser.security.insecure-innerhtml.insecure-innerhtml`\n\n### What Codacy Found\nUser controlled data in a `document.getElementById(\"vulnInfo\").innerHTML` is an anti-pattern that can lead to XSS vulnerabilities\n\n### Status\n- **Detected:** 2025-09-11T00:27:05.271Z\n- **Codacy ID:** `9c476f31-1fc7-4054-a178-598c178e2545`\n- **Link:** https://app.codacy.com/p/727098/issues/index?resultDataId=131372153305\n\n### Next Steps\n**\ud83d\udd0d Research needed** - Fix and testing requirements to be determined.\n\n### Notes\n- Auto-imported from Codacy scan\n- Review individually",
    "labels": [
      "Security"
    ],
    "priority": 1,
    "state": "Todo",
    "team": "Hextrackr"
  },
  {
    "title": "\ud83d\udd34 [Critical] header-loader.js:30 - Security Issue",
    "description": "## Security Issue Detected\n\n**File:** `app/public/scripts/shared/header-loader.js`  \n**Line:** 30  \n**Severity:** Critical  \n**Pattern:** `Semgrep_javascript.browser.security.insecure-document-method.insecure-document-method`\n\n### What Codacy Found\nUser controlled data in methods like `innerHTML`, `outerHTML` or `document.write` is an anti-pattern that can lead to XSS vulnerabilities\n\n### Status\n- **Detected:** 2025-09-11T00:27:05.271Z\n- **Codacy ID:** `60ae017d-7c35-473a-85c4-870732469ccc`\n- **Link:** https://app.codacy.com/p/727098/issues/index?resultDataId=131372153332\n\n### Next Steps\n**\ud83d\udd0d Research needed** - Fix and testing requirements to be determined.\n\n### Notes\n- Auto-imported from Codacy scan\n- Review individually",
    "labels": [
      "Security"
    ],
    "priority": 1,
    "state": "Todo",
    "team": "Hextrackr"
  },
  {
    "title": "\ud83d\udd34 [Critical] tickets.js:1439 - Security Issue",
    "description": "## Security Issue Detected\n\n**File:** `app/public/scripts/pages/tickets.js`  \n**Line:** 1439  \n**Severity:** Critical  \n**Pattern:** `Semgrep_javascript.browser.security.insecure-innerhtml.insecure-innerhtml`\n\n### What Codacy Found\nUser controlled data in a `toast.innerHTML` is an anti-pattern that can lead to XSS vulnerabilities\n\n### Status\n- **Detected:** 2025-09-11T00:27:05.271Z\n- **Codacy ID:** `c75d01d2-7542-4647-b641-b919c91087d4`\n- **Link:** https://app.codacy.com/p/727098/issues/index?resultDataId=131372153303\n\n### Next Steps\n**\ud83d\udd0d Research needed** - Fix and testing requirements to be determined.\n\n### Notes\n- Auto-imported from Codacy scan\n- Review individually",
    "labels": [
      "Security"
    ],
    "priority": 1,
    "state": "Todo",
    "team": "Hextrackr"
  },
  {
    "title": "\ud83d\udd34 [Critical] vulnerability-statistics.js:168 - Security Issue",
    "description": "## Security Issue Detected\n\n**File:** `app/public/scripts/shared/vulnerability-statistics.js`  \n**Line:** 168  \n**Severity:** Critical  \n**Pattern:** `Semgrep_javascript.browser.security.insecure-innerhtml.insecure-innerhtml`\n\n### What Codacy Found\nUser controlled data in a `element.innerHTML` is an anti-pattern that can lead to XSS vulnerabilities\n\n### Status\n- **Detected:** 2025-09-11T00:27:05.271Z\n- **Codacy ID:** `bf47cded-2391-42f6-ba2a-7970ac01db76`\n- **Link:** https://app.codacy.com/p/727098/issues/index?resultDataId=131372153304\n\n### Next Steps\n**\ud83d\udd0d Research needed** - Fix and testing requirements to be determined.\n\n### Notes\n- Auto-imported from Codacy scan\n- Review individually",
    "labels": [
      "Security"
    ],
    "priority": 1,
    "state": "Todo",
    "team": "Hextrackr"
  },
  {
    "title": "\ud83d\udd34 [Critical] vulnerability-search.js:393 - Security Issue",
    "description": "## Security Issue Detected\n\n**File:** `app/public/scripts/shared/vulnerability-search.js`  \n**Line:** 393  \n**Severity:** Critical  \n**Pattern:** `Semgrep_javascript.browser.security.insecure-innerhtml.insecure-innerhtml`\n\n### What Codacy Found\nUser controlled data in a `modalBody.innerHTML` is an anti-pattern that can lead to XSS vulnerabilities\n\n### Status\n- **Detected:** 2025-09-11T00:27:05.271Z\n- **Codacy ID:** `a88c13d6-32a7-457f-bdb0-910446ba4ee9`\n- **Link:** https://app.codacy.com/p/727098/issues/index?resultDataId=131372153366\n\n### Next Steps\n**\ud83d\udd0d Research needed** - Fix and testing requirements to be determined.\n\n### Notes\n- Auto-imported from Codacy scan\n- Review individually",
    "labels": [
      "Security"
    ],
    "priority": 1,
    "state": "Todo",
    "team": "Hextrackr"
  },
  {
    "title": "\ud83d\udd34 [Critical] tickets.js:2155 - Security Issue",
    "description": "## Security Issue Detected\n\n**File:** `app/public/scripts/pages/tickets.js`  \n**Line:** 2155  \n**Severity:** Critical  \n**Pattern:** `Semgrep_javascript.browser.security.insecure-innerhtml.insecure-innerhtml`\n\n### What Codacy Found\nUser controlled data in a `modal.innerHTML` is an anti-pattern that can lead to XSS vulnerabilities\n\n### Status\n- **Detected:** 2025-09-11T00:27:05.271Z\n- **Codacy ID:** `0ddd61cd-e998-4653-9382-ac14ae4c3215`\n- **Link:** https://app.codacy.com/p/727098/issues/index?resultDataId=131372153361\n\n### Next Steps\n**\ud83d\udd0d Research needed** - Fix and testing requirements to be determined.\n\n### Notes\n- Auto-imported from Codacy scan\n- Review individually",
    "labels": [
      "Security"
    ],
    "priority": 1,
    "state": "Todo",
    "team": "Hextrackr"
  },
  {
    "title": "\ud83d\udd34 [Critical] tickets.js:2155 - Security Issue",
    "description": "## Security Issue Detected\n\n**File:** `app/public/scripts/pages/tickets.js`  \n**Line:** 2155  \n**Severity:** Critical  \n**Pattern:** `Semgrep_javascript.browser.security.insecure-document-method.insecure-document-method`\n\n### What Codacy Found\nUser controlled data in methods like `innerHTML`, `outerHTML` or `document.write` is an anti-pattern that can lead to XSS vulnerabilities\n\n### Status\n- **Detected:** 2025-09-11T00:27:05.271Z\n- **Codacy ID:** `e09a8b98-f4fe-4889-87a1-8790288eb037`\n- **Link:** https://app.codacy.com/p/727098/issues/index?resultDataId=131372153310\n\n### Next Steps\n**\ud83d\udd0d Research needed** - Fix and testing requirements to be determined.\n\n### Notes\n- Auto-imported from Codacy scan\n- Review individually",
    "labels": [
      "Security"
    ],
    "priority": 1,
    "state": "Todo",
    "team": "Hextrackr"
  },
  {
    "title": "\ud83d\udd34 [Critical] docs-portal-v2.js:1128 - Security Issue",
    "description": "## Security Issue Detected\n\n**File:** `app/public/docs-html/js/docs-portal-v2.js`  \n**Line:** 1128  \n**Severity:** Critical  \n**Pattern:** `Semgrep_javascript.browser.security.insecure-innerhtml.insecure-innerhtml`\n\n### What Codacy Found\nUser controlled data in a `contentArea.innerHTML` is an anti-pattern that can lead to XSS vulnerabilities\n\n### Status\n- **Detected:** 2025-09-11T00:27:05.271Z\n- **Codacy ID:** `03276f66-b7d4-4b4e-884f-0ac970f4b5ad`\n- **Link:** https://app.codacy.com/p/727098/issues/index?resultDataId=131372153348\n\n### Next Steps\n**\ud83d\udd0d Research needed** - Fix and testing requirements to be determined.\n\n### Notes\n- Auto-imported from Codacy scan\n- Review individually",
    "labels": [
      "Security"
    ],
    "priority": 1,
    "state": "Todo",
    "team": "Hextrackr"
  },
  {
    "title": "\ud83d\udd34 [Critical] docs-portal-v2.js:692 - Security Issue",
    "description": "## Security Issue Detected\n\n**File:** `app/public/docs-html/js/docs-portal-v2.js`  \n**Line:** 692  \n**Severity:** Critical  \n**Pattern:** `Semgrep_javascript.browser.security.insecure-innerhtml.insecure-innerhtml`\n\n### What Codacy Found\nUser controlled data in a `navContainer.innerHTML` is an anti-pattern that can lead to XSS vulnerabilities\n\n### Status\n- **Detected:** 2025-09-11T00:27:05.271Z\n- **Codacy ID:** `29736608-40cd-4cc0-8fc4-429e363f3a49`\n- **Link:** https://app.codacy.com/p/727098/issues/index?resultDataId=131372153346\n\n### Next Steps\n**\ud83d\udd0d Research needed** - Fix and testing requirements to be determined.\n\n### Notes\n- Auto-imported from Codacy scan\n- Review individually",
    "labels": [
      "Security"
    ],
    "priority": 1,
    "state": "Todo",
    "team": "Hextrackr"
  },
  {
    "title": "\ud83d\udd34 [Critical] security.js:19 - Security Issue",
    "description": "## Security Issue Detected\n\n**File:** `app/public/scripts/utils/security.js`  \n**Line:** 19  \n**Severity:** Critical  \n**Pattern:** `Semgrep_javascript.browser.security.insecure-document-method.insecure-document-method`\n\n### What Codacy Found\nUser controlled data in methods like `innerHTML`, `outerHTML` or `document.write` is an anti-pattern that can lead to XSS vulnerabilities\n\n### Status\n- **Detected:** 2025-09-11T00:27:05.271Z\n- **Codacy ID:** `ca44977e-c675-4827-896c-645639dbf6df`\n- **Link:** https://app.codacy.com/p/727098/issues/index?resultDataId=131372153298\n\n### Next Steps\n**\ud83d\udd0d Research needed** - Fix and testing requirements to be determined.\n\n### Notes\n- Auto-imported from Codacy scan\n- Review individually",
    "labels": [
      "Security"
    ],
    "priority": 1,
    "state": "Todo",
    "team": "Hextrackr"
  },
  {
    "title": "\ud83d\udd34 [Critical] vulnerability-cards.js:148 - Security Issue",
    "description": "## Security Issue Detected\n\n**File:** `app/public/scripts/shared/vulnerability-cards.js`  \n**Line:** 148  \n**Severity:** Critical  \n**Pattern:** `Semgrep_javascript.browser.security.insecure-document-method.insecure-document-method`\n\n### What Codacy Found\nUser controlled data in methods like `innerHTML`, `outerHTML` or `document.write` is an anti-pattern that can lead to XSS vulnerabilities\n\n### Status\n- **Detected:** 2025-09-11T00:27:05.271Z\n- **Codacy ID:** `72e61dac-5cb9-4977-821a-af61f61972c6`\n- **Link:** https://app.codacy.com/p/727098/issues/index?resultDataId=131372153326\n\n### Next Steps\n**\ud83d\udd0d Research needed** - Fix and testing requirements to be determined.\n\n### Notes\n- Auto-imported from Codacy scan\n- Review individually",
    "labels": [
      "Security"
    ],
    "priority": 1,
    "state": "Todo",
    "team": "Hextrackr"
  },
  {
    "title": "\ud83d\udd34 [Critical] vulnerability-statistics.js:168 - Security Issue",
    "description": "## Security Issue Detected\n\n**File:** `app/public/scripts/shared/vulnerability-statistics.js`  \n**Line:** 168  \n**Severity:** Critical  \n**Pattern:** `Semgrep_javascript.browser.security.insecure-document-method.insecure-document-method`\n\n### What Codacy Found\nUser controlled data in methods like `innerHTML`, `outerHTML` or `document.write` is an anti-pattern that can lead to XSS vulnerabilities\n\n### Status\n- **Detected:** 2025-09-11T00:27:05.271Z\n- **Codacy ID:** `e63625cd-358c-4da7-b6e1-9a24cd59d2e3`\n- **Link:** https://app.codacy.com/p/727098/issues/index?resultDataId=131372153322\n\n### Next Steps\n**\ud83d\udd0d Research needed** - Fix and testing requirements to be determined.\n\n### Notes\n- Auto-imported from Codacy scan\n- Review individually",
    "labels": [
      "Security"
    ],
    "priority": 1,
    "state": "Todo",
    "team": "Hextrackr"
  },
  {
    "title": "\ud83d\udd34 [Critical] tickets.js:1228 - Security Issue",
    "description": "## Security Issue Detected\n\n**File:** `app/public/scripts/pages/tickets.js`  \n**Line:** 1228  \n**Severity:** Critical  \n**Pattern:** `Semgrep_javascript.browser.security.insecure-document-method.insecure-document-method`\n\n### What Codacy Found\nUser controlled data in methods like `innerHTML`, `outerHTML` or `document.write` is an anti-pattern that can lead to XSS vulnerabilities\n\n### Status\n- **Detected:** 2025-09-11T00:27:05.271Z\n- **Codacy ID:** `86c86f64-3a70-420c-bacc-6215a47dca29`\n- **Link:** https://app.codacy.com/p/727098/issues/index?resultDataId=131372153337\n\n### Next Steps\n**\ud83d\udd0d Research needed** - Fix and testing requirements to be determined.\n\n### Notes\n- Auto-imported from Codacy scan\n- Review individually",
    "labels": [
      "Security"
    ],
    "priority": 1,
    "state": "Todo",
    "team": "Hextrackr"
  },
  {
    "title": "\ud83d\udd34 [Critical] settings-modal.js:514 - Security Issue",
    "description": "## Security Issue Detected\n\n**File:** `app/public/scripts/shared/settings-modal.js`  \n**Line:** 514  \n**Severity:** Critical  \n**Pattern:** `Semgrep_javascript.browser.security.insecure-innerhtml.insecure-innerhtml`\n\n### What Codacy Found\nUser controlled data in a `modal.innerHTML` is an anti-pattern that can lead to XSS vulnerabilities\n\n### Status\n- **Detected:** 2025-09-11T00:27:05.271Z\n- **Codacy ID:** `0722e9ad-0723-46b7-b533-a8b0295f0c22`\n- **Link:** https://app.codacy.com/p/727098/issues/index?resultDataId=131372153365\n\n### Next Steps\n**\ud83d\udd0d Research needed** - Fix and testing requirements to be determined.\n\n### Notes\n- Auto-imported from Codacy scan\n- Review individually",
    "labels": [
      "Security"
    ],
    "priority": 1,
    "state": "Todo",
    "team": "Hextrackr"
  },
  {
    "title": "\ud83d\udd34 [Critical] vulnerability-details-modal.js:160 - Security Issue",
    "description": "## Security Issue Detected\n\n**File:** `app/public/scripts/shared/vulnerability-details-modal.js`  \n**Line:** 160  \n**Severity:** Critical  \n**Pattern:** `Semgrep_javascript.browser.security.insecure-innerhtml.insecure-innerhtml`\n\n### What Codacy Found\nUser controlled data in a `document.getElementById(\"vulnRiskSummary\").innerHTML` is an anti-pattern that can lead to XSS vulnerabilities\n\n### Status\n- **Detected:** 2025-09-11T00:27:05.271Z\n- **Codacy ID:** `73b04486-7d9e-4952-a767-39acb2857fef`\n- **Link:** https://app.codacy.com/p/727098/issues/index?resultDataId=131372153325\n\n### Next Steps\n**\ud83d\udd0d Research needed** - Fix and testing requirements to be determined.\n\n### Notes\n- Auto-imported from Codacy scan\n- Review individually",
    "labels": [
      "Security"
    ],
    "priority": 1,
    "state": "Todo",
    "team": "Hextrackr"
  },
  {
    "title": "\ud83d\udd34 [Critical] toast-manager.js:134 - Security Issue",
    "description": "## Security Issue Detected\n\n**File:** `app/public/scripts/shared/toast-manager.js`  \n**Line:** 134  \n**Severity:** Critical  \n**Pattern:** `Semgrep_javascript.browser.security.insecure-document-method.insecure-document-method`\n\n### What Codacy Found\nUser controlled data in methods like `innerHTML`, `outerHTML` or `document.write` is an anti-pattern that can lead to XSS vulnerabilities\n\n### Status\n- **Detected:** 2025-09-11T00:27:05.271Z\n- **Codacy ID:** `51e391a2-8fe1-4b2b-b114-1b932b2f4708`\n- **Link:** https://app.codacy.com/p/727098/issues/index?resultDataId=131372153317\n\n### Next Steps\n**\ud83d\udd0d Research needed** - Fix and testing requirements to be determined.\n\n### Notes\n- Auto-imported from Codacy scan\n- Review individually",
    "labels": [
      "Security"
    ],
    "priority": 1,
    "state": "Todo",
    "team": "Hextrackr"
  },
  {
    "title": "\ud83d\udd34 [Critical] tickets.js:1439 - Security Issue",
    "description": "## Security Issue Detected\n\n**File:** `app/public/scripts/pages/tickets.js`  \n**Line:** 1439  \n**Severity:** Critical  \n**Pattern:** `Semgrep_javascript.browser.security.insecure-document-method.insecure-document-method`\n\n### What Codacy Found\nUser controlled data in methods like `innerHTML`, `outerHTML` or `document.write` is an anti-pattern that can lead to XSS vulnerabilities\n\n### Status\n- **Detected:** 2025-09-11T00:27:05.271Z\n- **Codacy ID:** `65b94d30-fcfc-429f-a6aa-2bab01339b7a`\n- **Link:** https://app.codacy.com/p/727098/issues/index?resultDataId=131372153295\n\n### Next Steps\n**\ud83d\udd0d Research needed** - Fix and testing requirements to be determined.\n\n### Notes\n- Auto-imported from Codacy scan\n- Review individually",
    "labels": [
      "Security"
    ],
    "priority": 1,
    "state": "Todo",
    "team": "Hextrackr"
  },
  {
    "title": "\ud83d\udd34 [Critical] header-loader.js:30 - Security Issue",
    "description": "## Security Issue Detected\n\n**File:** `app/public/scripts/shared/header-loader.js`  \n**Line:** 30  \n**Severity:** Critical  \n**Pattern:** `Semgrep_javascript.browser.security.insecure-innerhtml.insecure-innerhtml`\n\n### What Codacy Found\nUser controlled data in a `headerContainer.innerHTML` is an anti-pattern that can lead to XSS vulnerabilities\n\n### Status\n- **Detected:** 2025-09-11T00:27:05.271Z\n- **Codacy ID:** `e09f92f4-215c-4004-9ee9-3d0994efe9ec`\n- **Link:** https://app.codacy.com/p/727098/issues/index?resultDataId=131372153351\n\n### Next Steps\n**\ud83d\udd0d Research needed** - Fix and testing requirements to be determined.\n\n### Notes\n- Auto-imported from Codacy scan\n- Review individually",
    "labels": [
      "Security"
    ],
    "priority": 1,
    "state": "Todo",
    "team": "Hextrackr"
  },
  {
    "title": "\ud83d\udd34 [Critical] device-security-modal.js:118 - Security Issue",
    "description": "## Security Issue Detected\n\n**File:** `app/public/scripts/shared/device-security-modal.js`  \n**Line:** 118  \n**Severity:** Critical  \n**Pattern:** `Semgrep_javascript.browser.security.insecure-innerhtml.insecure-innerhtml`\n\n### What Codacy Found\nUser controlled data in a `document.getElementById(\"deviceVprSummary\").innerHTML` is an anti-pattern that can lead to XSS vulnerabilities\n\n### Status\n- **Detected:** 2025-09-11T00:27:05.271Z\n- **Codacy ID:** `ae01feb9-ad27-4648-9f39-69772de84b58`\n- **Link:** https://app.codacy.com/p/727098/issues/index?resultDataId=131372153319\n\n### Next Steps\n**\ud83d\udd0d Research needed** - Fix and testing requirements to be determined.\n\n### Notes\n- Auto-imported from Codacy scan\n- Review individually",
    "labels": [
      "Security"
    ],
    "priority": 1,
    "state": "Todo",
    "team": "Hextrackr"
  },
  {
    "title": "\ud83d\udd34 [Critical] docs-portal-v2.js:1171 - Security Issue",
    "description": "## Security Issue Detected\n\n**File:** `app/public/docs-html/js/docs-portal-v2.js`  \n**Line:** 1171  \n**Severity:** Critical  \n**Pattern:** `Semgrep_javascript.browser.security.insecure-document-method.insecure-document-method`\n\n### What Codacy Found\nUser controlled data in methods like `innerHTML`, `outerHTML` or `document.write` is an anti-pattern that can lead to XSS vulnerabilities\n\n### Status\n- **Detected:** 2025-09-11T00:27:05.271Z\n- **Codacy ID:** `7fd97adf-78f9-45d0-a4c6-e818e911a241`\n- **Link:** https://app.codacy.com/p/727098/issues/index?resultDataId=131372153379\n\n### Next Steps\n**\ud83d\udd0d Research needed** - Fix and testing requirements to be determined.\n\n### Notes\n- Auto-imported from Codacy scan\n- Review individually",
    "labels": [
      "Security"
    ],
    "priority": 1,
    "state": "Todo",
    "team": "Hextrackr"
  },
  {
    "title": "\ud83d\udd34 [Critical] docs-portal-v2.js:692 - Security Issue",
    "description": "## Security Issue Detected\n\n**File:** `app/public/docs-html/js/docs-portal-v2.js`  \n**Line:** 692  \n**Severity:** Critical  \n**Pattern:** `Semgrep_javascript.browser.security.insecure-document-method.insecure-document-method`\n\n### What Codacy Found\nUser controlled data in methods like `innerHTML`, `outerHTML` or `document.write` is an anti-pattern that can lead to XSS vulnerabilities\n\n### Status\n- **Detected:** 2025-09-11T00:27:05.271Z\n- **Codacy ID:** `0358be0b-0e01-45c3-8f8d-82a44d76261e`\n- **Link:** https://app.codacy.com/p/727098/issues/index?resultDataId=131372153331\n\n### Next Steps\n**\ud83d\udd0d Research needed** - Fix and testing requirements to be determined.\n\n### Notes\n- Auto-imported from Codacy scan\n- Review individually",
    "labels": [
      "Security"
    ],
    "priority": 1,
    "state": "Todo",
    "team": "Hextrackr"
  },
  {
    "title": "\ud83d\udd34 [Critical] docs-portal-v2.js:1128 - Security Issue",
    "description": "## Security Issue Detected\n\n**File:** `app/public/docs-html/js/docs-portal-v2.js`  \n**Line:** 1128  \n**Severity:** Critical  \n**Pattern:** `Semgrep_javascript.browser.security.insecure-document-method.insecure-document-method`\n\n### What Codacy Found\nUser controlled data in methods like `innerHTML`, `outerHTML` or `document.write` is an anti-pattern that can lead to XSS vulnerabilities\n\n### Status\n- **Detected:** 2025-09-11T00:27:05.271Z\n- **Codacy ID:** `1463088e-667d-4b66-b557-ed3bf1a06a33`\n- **Link:** https://app.codacy.com/p/727098/issues/index?resultDataId=131372153311\n\n### Next Steps\n**\ud83d\udd0d Research needed** - Fix and testing requirements to be determined.\n\n### Notes\n- Auto-imported from Codacy scan\n- Review individually",
    "labels": [
      "Security"
    ],
    "priority": 1,
    "state": "Todo",
    "team": "Hextrackr"
  },
  {
    "title": "\ud83d\udd34 [Critical] security.js:52 - Security Issue",
    "description": "## Security Issue Detected\n\n**File:** `app/public/scripts/utils/security.js`  \n**Line:** 52  \n**Severity:** Critical  \n**Pattern:** `Semgrep_javascript.browser.security.insecure-innerhtml.insecure-innerhtml`\n\n### What Codacy Found\nUser controlled data in a `element.innerHTML` is an anti-pattern that can lead to XSS vulnerabilities\n\n### Status\n- **Detected:** 2025-09-11T00:27:05.271Z\n- **Codacy ID:** `a2ef1211-5f08-41cd-9dbe-9013b4a87334`\n- **Link:** https://app.codacy.com/p/727098/issues/index?resultDataId=131372153335\n\n### Next Steps\n**\ud83d\udd0d Research needed** - Fix and testing requirements to be determined.\n\n### Notes\n- Auto-imported from Codacy scan\n- Review individually",
    "labels": [
      "Security"
    ],
    "priority": 1,
    "state": "Todo",
    "team": "Hextrackr"
  },
  {
    "title": "\ud83d\udd34 [Critical] vulnerability-cards.js:47 - Security Issue",
    "description": "## Security Issue Detected\n\n**File:** `app/public/scripts/shared/vulnerability-cards.js`  \n**Line:** 47  \n**Severity:** Critical  \n**Pattern:** `Semgrep_javascript.browser.security.insecure-document-method.insecure-document-method`\n\n### What Codacy Found\nUser controlled data in methods like `innerHTML`, `outerHTML` or `document.write` is an anti-pattern that can lead to XSS vulnerabilities\n\n### Status\n- **Detected:** 2025-09-11T00:27:05.271Z\n- **Codacy ID:** `7ce5325c-b02d-4b03-81a0-c2b68dc63612`\n- **Link:** https://app.codacy.com/p/727098/issues/index?resultDataId=131372153308\n\n### Next Steps\n**\ud83d\udd0d Research needed** - Fix and testing requirements to be determined.\n\n### Notes\n- Auto-imported from Codacy scan\n- Review individually",
    "labels": [
      "Security"
    ],
    "priority": 1,
    "state": "Todo",
    "team": "Hextrackr"
  },
  {
    "title": "\ud83d\udd34 [Critical] vulnerability-details-modal.js:160 - Security Issue",
    "description": "## Security Issue Detected\n\n**File:** `app/public/scripts/shared/vulnerability-details-modal.js`  \n**Line:** 160  \n**Severity:** Critical  \n**Pattern:** `Semgrep_javascript.browser.security.insecure-document-method.insecure-document-method`\n\n### What Codacy Found\nUser controlled data in methods like `innerHTML`, `outerHTML` or `document.write` is an anti-pattern that can lead to XSS vulnerabilities\n\n### Status\n- **Detected:** 2025-09-11T00:27:05.271Z\n- **Codacy ID:** `f95c6204-56e6-4d85-a543-cd01e4594028`\n- **Link:** https://app.codacy.com/p/727098/issues/index?resultDataId=131372153334\n\n### Next Steps\n**\ud83d\udd0d Research needed** - Fix and testing requirements to be determined.\n\n### Notes\n- Auto-imported from Codacy scan\n- Review individually",
    "labels": [
      "Security"
    ],
    "priority": 1,
    "state": "Todo",
    "team": "Hextrackr"
  },
  {
    "title": "\ud83d\udd34 [Critical] toast-manager.js:412 - Security Issue",
    "description": "## Security Issue Detected\n\n**File:** `app/public/scripts/shared/toast-manager.js`  \n**Line:** 412  \n**Severity:** Critical  \n**Pattern:** `Semgrep_javascript.browser.security.insecure-innerhtml.insecure-innerhtml`\n\n### What Codacy Found\nUser controlled data in a `errorContainer.innerHTML` is an anti-pattern that can lead to XSS vulnerabilities\n\n### Status\n- **Detected:** 2025-09-11T00:27:05.271Z\n- **Codacy ID:** `8709c1f0-ece4-4cf1-a150-328db13ff84c`\n- **Link:** https://app.codacy.com/p/727098/issues/index?resultDataId=131372153378\n\n### Next Steps\n**\ud83d\udd0d Research needed** - Fix and testing requirements to be determined.\n\n### Notes\n- Auto-imported from Codacy scan\n- Review individually",
    "labels": [
      "Security"
    ],
    "priority": 1,
    "state": "Todo",
    "team": "Hextrackr"
  },
  {
    "title": "\ud83d\udd34 [Critical] toast-manager.js:412 - Security Issue",
    "description": "## Security Issue Detected\n\n**File:** `app/public/scripts/shared/toast-manager.js`  \n**Line:** 412  \n**Severity:** Critical  \n**Pattern:** `Semgrep_javascript.browser.security.insecure-document-method.insecure-document-method`\n\n### What Codacy Found\nUser controlled data in methods like `innerHTML`, `outerHTML` or `document.write` is an anti-pattern that can lead to XSS vulnerabilities\n\n### Status\n- **Detected:** 2025-09-11T00:27:05.271Z\n- **Codacy ID:** `6d4e6029-e3c3-4c98-afa0-9fe97642c67c`\n- **Link:** https://app.codacy.com/p/727098/issues/index?resultDataId=131372153354\n\n### Next Steps\n**\ud83d\udd0d Research needed** - Fix and testing requirements to be determined.\n\n### Notes\n- Auto-imported from Codacy scan\n- Review individually",
    "labels": [
      "Security"
    ],
    "priority": 1,
    "state": "Todo",
    "team": "Hextrackr"
  },
  {
    "title": "\ud83d\udd34 [Critical] toast-manager.js:134 - Security Issue",
    "description": "## Security Issue Detected\n\n**File:** `app/public/scripts/shared/toast-manager.js`  \n**Line:** 134  \n**Severity:** Critical  \n**Pattern:** `Semgrep_javascript.browser.security.insecure-innerhtml.insecure-innerhtml`\n\n### What Codacy Found\nUser controlled data in a `toast.innerHTML` is an anti-pattern that can lead to XSS vulnerabilities\n\n### Status\n- **Detected:** 2025-09-11T00:27:05.271Z\n- **Codacy ID:** `13f7260a-73e7-4704-a470-d1e3df0896d6`\n- **Link:** https://app.codacy.com/p/727098/issues/index?resultDataId=131372153296\n\n### Next Steps\n**\ud83d\udd0d Research needed** - Fix and testing requirements to be determined.\n\n### Notes\n- Auto-imported from Codacy scan\n- Review individually",
    "labels": [
      "Security"
    ],
    "priority": 1,
    "state": "Todo",
    "team": "Hextrackr"
  },
  {
    "title": "\ud83d\udd34 [Critical] pagination-controller.js:105 - Security Issue",
    "description": "## Security Issue Detected\n\n**File:** `app/public/scripts/shared/pagination-controller.js`  \n**Line:** 105  \n**Severity:** Critical  \n**Pattern:** `Semgrep_javascript.browser.security.insecure-innerhtml.insecure-innerhtml`\n\n### What Codacy Found\nUser controlled data in a `container.innerHTML` is an anti-pattern that can lead to XSS vulnerabilities\n\n### Status\n- **Detected:** 2025-09-11T00:27:05.271Z\n- **Codacy ID:** `e09001b2-f993-4394-8820-53239b17b8ee`\n- **Link:** https://app.codacy.com/p/727098/issues/index?resultDataId=131372153315\n\n### Next Steps\n**\ud83d\udd0d Research needed** - Fix and testing requirements to be determined.\n\n### Notes\n- Auto-imported from Codacy scan\n- Review individually",
    "labels": [
      "Security"
    ],
    "priority": 1,
    "state": "Todo",
    "team": "Hextrackr"
  },
  {
    "title": "\ud83d\udd34 [Critical] tickets.js:752 - Security Issue",
    "description": "## Security Issue Detected\n\n**File:** `app/public/scripts/pages/tickets.js`  \n**Line:** 752  \n**Severity:** Critical  \n**Pattern:** `Semgrep_javascript.browser.security.insecure-document-method.insecure-document-method`\n\n### What Codacy Found\nUser controlled data in methods like `innerHTML`, `outerHTML` or `document.write` is an anti-pattern that can lead to XSS vulnerabilities\n\n### Status\n- **Detected:** 2025-09-11T00:27:05.271Z\n- **Codacy ID:** `87e2b946-19e4-4c55-9d99-9ee27b53d947`\n- **Link:** https://app.codacy.com/p/727098/issues/index?resultDataId=131372153323\n\n### Next Steps\n**\ud83d\udd0d Research needed** - Fix and testing requirements to be determined.\n\n### Notes\n- Auto-imported from Codacy scan\n- Review individually",
    "labels": [
      "Security"
    ],
    "priority": 1,
    "state": "Todo",
    "team": "Hextrackr"
  },
  {
    "title": "\ud83d\udd34 [Critical] tickets.js:1228 - Security Issue",
    "description": "## Security Issue Detected\n\n**File:** `app/public/scripts/pages/tickets.js`  \n**Line:** 1228  \n**Severity:** Critical  \n**Pattern:** `Semgrep_javascript.browser.security.insecure-innerhtml.insecure-innerhtml`\n\n### What Codacy Found\nUser controlled data in a `paginationControls.innerHTML` is an anti-pattern that can lead to XSS vulnerabilities\n\n### Status\n- **Detected:** 2025-09-11T00:27:05.271Z\n- **Codacy ID:** `1a5f306c-e719-4b22-9d2c-3489abea5cfc`\n- **Link:** https://app.codacy.com/p/727098/issues/index?resultDataId=131372153343\n\n### Next Steps\n**\ud83d\udd0d Research needed** - Fix and testing requirements to be determined.\n\n### Notes\n- Auto-imported from Codacy scan\n- Review individually",
    "labels": [
      "Security"
    ],
    "priority": 1,
    "state": "Todo",
    "team": "Hextrackr"
  },
  {
    "title": "\ud83d\udd34 [Critical] tickets.js:1094 - Security Issue",
    "description": "## Security Issue Detected\n\n**File:** `app/public/scripts/pages/tickets.js`  \n**Line:** 1094  \n**Severity:** Critical  \n**Pattern:** `Semgrep_javascript.browser.security.insecure-document-method.insecure-document-method`\n\n### What Codacy Found\nUser controlled data in methods like `innerHTML`, `outerHTML` or `document.write` is an anti-pattern that can lead to XSS vulnerabilities\n\n### Status\n- **Detected:** 2025-09-11T00:27:05.271Z\n- **Codacy ID:** `84eb0623-cd5a-403c-85d3-e452837bf3ea`\n- **Link:** https://app.codacy.com/p/727098/issues/index?resultDataId=131372153362\n\n### Next Steps\n**\ud83d\udd0d Research needed** - Fix and testing requirements to be determined.\n\n### Notes\n- Auto-imported from Codacy scan\n- Review individually",
    "labels": [
      "Security"
    ],
    "priority": 1,
    "state": "Todo",
    "team": "Hextrackr"
  },
  {
    "title": "\ud83d\udd34 [Critical] device-security-modal.js:76 - Security Issue",
    "description": "## Security Issue Detected\n\n**File:** `app/public/scripts/shared/device-security-modal.js`  \n**Line:** 76  \n**Severity:** Critical  \n**Pattern:** `Semgrep_javascript.browser.security.insecure-innerhtml.insecure-innerhtml`\n\n### What Codacy Found\nUser controlled data in a `document.getElementById(\"deviceInfo\").innerHTML` is an anti-pattern that can lead to XSS vulnerabilities\n\n### Status\n- **Detected:** 2025-09-11T00:27:05.271Z\n- **Codacy ID:** `761f2dfb-e313-41cf-9def-3fac7addacb6`\n- **Link:** https://app.codacy.com/p/727098/issues/index?resultDataId=131372153376\n\n### Next Steps\n**\ud83d\udd0d Research needed** - Fix and testing requirements to be determined.\n\n### Notes\n- Auto-imported from Codacy scan\n- Review individually",
    "labels": [
      "Security"
    ],
    "priority": 1,
    "state": "Todo",
    "team": "Hextrackr"
  },
  {
    "title": "\ud83d\udd34 [Critical] docs-portal-v2.js:1171 - Security Issue",
    "description": "## Security Issue Detected\n\n**File:** `app/public/docs-html/js/docs-portal-v2.js`  \n**Line:** 1171  \n**Severity:** Critical  \n**Pattern:** `Semgrep_javascript.browser.security.insecure-innerhtml.insecure-innerhtml`\n\n### What Codacy Found\nUser controlled data in a `breadcrumb.innerHTML` is an anti-pattern that can lead to XSS vulnerabilities\n\n### Status\n- **Detected:** 2025-09-11T00:27:05.271Z\n- **Codacy ID:** `0ad7dbe2-757c-40ab-9d2b-671af6827a0e`\n- **Link:** https://app.codacy.com/p/727098/issues/index?resultDataId=131372153333\n\n### Next Steps\n**\ud83d\udd0d Research needed** - Fix and testing requirements to be determined.\n\n### Notes\n- Auto-imported from Codacy scan\n- Review individually",
    "labels": [
      "Security"
    ],
    "priority": 1,
    "state": "Todo",
    "team": "Hextrackr"
  },
  {
    "title": "\ud83d\udd34 [Critical] settings-modal.js:514 - Security Issue",
    "description": "## Security Issue Detected\n\n**File:** `app/public/scripts/shared/settings-modal.js`  \n**Line:** 514  \n**Severity:** Critical  \n**Pattern:** `Semgrep_javascript.browser.security.insecure-document-method.insecure-document-method`\n\n### What Codacy Found\nUser controlled data in methods like `innerHTML`, `outerHTML` or `document.write` is an anti-pattern that can lead to XSS vulnerabilities\n\n### Status\n- **Detected:** 2025-09-11T00:27:05.271Z\n- **Codacy ID:** `2b8bb772-fe92-472d-b1c3-eaad8124bb21`\n- **Link:** https://app.codacy.com/p/727098/issues/index?resultDataId=131372153359\n\n### Next Steps\n**\ud83d\udd0d Research needed** - Fix and testing requirements to be determined.\n\n### Notes\n- Auto-imported from Codacy scan\n- Review individually",
    "labels": [
      "Security"
    ],
    "priority": 1,
    "state": "Todo",
    "team": "Hextrackr"
  },
  {
    "title": "\ud83d\udd34 [Critical] device-security-modal.js:118 - Security Issue",
    "description": "## Security Issue Detected\n\n**File:** `app/public/scripts/shared/device-security-modal.js`  \n**Line:** 118  \n**Severity:** Critical  \n**Pattern:** `Semgrep_javascript.browser.security.insecure-document-method.insecure-document-method`\n\n### What Codacy Found\nUser controlled data in methods like `innerHTML`, `outerHTML` or `document.write` is an anti-pattern that can lead to XSS vulnerabilities\n\n### Status\n- **Detected:** 2025-09-11T00:27:05.271Z\n- **Codacy ID:** `34c3fa6e-fc82-42cc-a0a0-d07b7287443c`\n- **Link:** https://app.codacy.com/p/727098/issues/index?resultDataId=131372153373\n\n### Next Steps\n**\ud83d\udd0d Research needed** - Fix and testing requirements to be determined.\n\n### Notes\n- Auto-imported from Codacy scan\n- Review individually",
    "labels": [
      "Security"
    ],
    "priority": 1,
    "state": "Todo",
    "team": "Hextrackr"
  },
  {
    "title": "\ud83d\udd34 [Critical] security.js:52 - Security Issue",
    "description": "## Security Issue Detected\n\n**File:** `app/public/scripts/utils/security.js`  \n**Line:** 52  \n**Severity:** Critical  \n**Pattern:** `Semgrep_javascript.browser.security.insecure-document-method.insecure-document-method`\n\n### What Codacy Found\nUser controlled data in methods like `innerHTML`, `outerHTML` or `document.write` is an anti-pattern that can lead to XSS vulnerabilities\n\n### Status\n- **Detected:** 2025-09-11T00:27:05.271Z\n- **Codacy ID:** `356cd886-801b-432a-98f7-afca35e6da79`\n- **Link:** https://app.codacy.com/p/727098/issues/index?resultDataId=131372153367\n\n### Next Steps\n**\ud83d\udd0d Research needed** - Fix and testing requirements to be determined.\n\n### Notes\n- Auto-imported from Codacy scan\n- Review individually",
    "labels": [
      "Security"
    ],
    "priority": 1,
    "state": "Todo",
    "team": "Hextrackr"
  },
  {
    "title": "\ud83d\udd34 [Critical] vulnerability-cards.js:47 - Security Issue",
    "description": "## Security Issue Detected\n\n**File:** `app/public/scripts/shared/vulnerability-cards.js`  \n**Line:** 47  \n**Severity:** Critical  \n**Pattern:** `Semgrep_javascript.browser.security.insecure-innerhtml.insecure-innerhtml`\n\n### What Codacy Found\nUser controlled data in a `container.innerHTML` is an anti-pattern that can lead to XSS vulnerabilities\n\n### Status\n- **Detected:** 2025-09-11T00:27:05.271Z\n- **Codacy ID:** `9e7f3720-ece9-4b79-ac85-19218e385a54`\n- **Link:** https://app.codacy.com/p/727098/issues/index?resultDataId=131372153371\n\n### Next Steps\n**\ud83d\udd0d Research needed** - Fix and testing requirements to be determined.\n\n### Notes\n- Auto-imported from Codacy scan\n- Review individually",
    "labels": [
      "Security"
    ],
    "priority": 1,
    "state": "Todo",
    "team": "Hextrackr"
  },
  {
    "title": "\ud83d\udd34 [Critical] docs-portal-v2.js:1108 - Security Issue",
    "description": "## Security Issue Detected\n\n**File:** `app/public/docs-html/js/docs-portal-v2.js`  \n**Line:** 1108  \n**Severity:** Critical  \n**Pattern:** `Semgrep_javascript.browser.security.insecure-document-method.insecure-document-method`\n\n### What Codacy Found\nUser controlled data in methods like `innerHTML`, `outerHTML` or `document.write` is an anti-pattern that can lead to XSS vulnerabilities\n\n### Status\n- **Detected:** 2025-09-11T00:27:05.271Z\n- **Codacy ID:** `89a69f3f-c971-43fd-bec0-e298555ce6bb`\n- **Link:** https://app.codacy.com/p/727098/issues/index?resultDataId=131372153372\n\n### Next Steps\n**\ud83d\udd0d Research needed** - Fix and testing requirements to be determined.\n\n### Notes\n- Auto-imported from Codacy scan\n- Review individually",
    "labels": [
      "Security"
    ],
    "priority": 1,
    "state": "Todo",
    "team": "Hextrackr"
  },
  {
    "title": "\ud83d\udd34 [Critical] docs-portal-v2.js:1108 - Security Issue",
    "description": "## Security Issue Detected\n\n**File:** `app/public/docs-html/js/docs-portal-v2.js`  \n**Line:** 1108  \n**Severity:** Critical  \n**Pattern:** `Semgrep_javascript.browser.security.insecure-innerhtml.insecure-innerhtml`\n\n### What Codacy Found\nUser controlled data in a `contentArea.innerHTML` is an anti-pattern that can lead to XSS vulnerabilities\n\n### Status\n- **Detected:** 2025-09-11T00:27:05.271Z\n- **Codacy ID:** `c1ca22fa-2a0b-45c9-bf8f-0ac400fbedfb`\n- **Link:** https://app.codacy.com/p/727098/issues/index?resultDataId=131372153320\n\n### Next Steps\n**\ud83d\udd0d Research needed** - Fix and testing requirements to be determined.\n\n### Notes\n- Auto-imported from Codacy scan\n- Review individually",
    "labels": [
      "Security"
    ],
    "priority": 1,
    "state": "Todo",
    "team": "Hextrackr"
  },
  {
    "title": "\ud83d\udd34 [Critical] security.js:19 - Security Issue",
    "description": "## Security Issue Detected\n\n**File:** `app/public/scripts/utils/security.js`  \n**Line:** 19  \n**Severity:** Critical  \n**Pattern:** `Semgrep_javascript.browser.security.insecure-innerhtml.insecure-innerhtml`\n\n### What Codacy Found\nUser controlled data in a `element.innerHTML` is an anti-pattern that can lead to XSS vulnerabilities\n\n### Status\n- **Detected:** 2025-09-11T00:27:05.271Z\n- **Codacy ID:** `cfa2ad52-1ebc-44e9-92d9-3165b909ab35`\n- **Link:** https://app.codacy.com/p/727098/issues/index?resultDataId=131372153377\n\n### Next Steps\n**\ud83d\udd0d Research needed** - Fix and testing requirements to be determined.\n\n### Notes\n- Auto-imported from Codacy scan\n- Review individually",
    "labels": [
      "Security"
    ],
    "priority": 1,
    "state": "Todo",
    "team": "Hextrackr"
  },
  {
    "title": "\ud83d\udd34 [Critical] settings-modal.js:106 - Security Issue",
    "description": "## Security Issue Detected\n\n**File:** `app/public/scripts/shared/settings-modal.js`  \n**Line:** 106  \n**Severity:** Critical  \n**Pattern:** `Semgrep_javascript.browser.security.insecure-document-method.insecure-document-method`\n\n### What Codacy Found\nUser controlled data in methods like `innerHTML`, `outerHTML` or `document.write` is an anti-pattern that can lead to XSS vulnerabilities\n\n### Status\n- **Detected:** 2025-09-11T00:27:05.271Z\n- **Codacy ID:** `da6f473b-24c0-467b-8f0e-e92568f76625`\n- **Link:** https://app.codacy.com/p/727098/issues/index?resultDataId=131372153328\n\n### Next Steps\n**\ud83d\udd0d Research needed** - Fix and testing requirements to be determined.\n\n### Notes\n- Auto-imported from Codacy scan\n- Review individually",
    "labels": [
      "Security"
    ],
    "priority": 1,
    "state": "Todo",
    "team": "Hextrackr"
  },
  {
    "title": "\ud83d\udd34 [Critical] vulnerability-details-modal.js:98 - Security Issue",
    "description": "## Security Issue Detected\n\n**File:** `app/public/scripts/shared/vulnerability-details-modal.js`  \n**Line:** 98  \n**Severity:** Critical  \n**Pattern:** `Semgrep_javascript.browser.security.insecure-document-method.insecure-document-method`\n\n### What Codacy Found\nUser controlled data in methods like `innerHTML`, `outerHTML` or `document.write` is an anti-pattern that can lead to XSS vulnerabilities\n\n### Status\n- **Detected:** 2025-09-11T00:27:05.271Z\n- **Codacy ID:** `7c6bd7af-15e8-4c2c-b24b-1695a22f4171`\n- **Link:** https://app.codacy.com/p/727098/issues/index?resultDataId=131372153321\n\n### Next Steps\n**\ud83d\udd0d Research needed** - Fix and testing requirements to be determined.\n\n### Notes\n- Auto-imported from Codacy scan\n- Review individually",
    "labels": [
      "Security"
    ],
    "priority": 1,
    "state": "Todo",
    "team": "Hextrackr"
  },
  {
    "title": "\ud83d\udd34 [Critical] vulnerability-statistics.js:146 - Security Issue",
    "description": "## Security Issue Detected\n\n**File:** `app/public/scripts/shared/vulnerability-statistics.js`  \n**Line:** 146  \n**Severity:** Critical  \n**Pattern:** `Semgrep_javascript.browser.security.insecure-document-method.insecure-document-method`\n\n### What Codacy Found\nUser controlled data in methods like `innerHTML`, `outerHTML` or `document.write` is an anti-pattern that can lead to XSS vulnerabilities\n\n### Status\n- **Detected:** 2025-09-11T00:27:05.271Z\n- **Codacy ID:** `6585d9a9-0c9e-421c-a508-a162ef2a0241`\n- **Link:** https://app.codacy.com/p/727098/issues/index?resultDataId=131372153355\n\n### Next Steps\n**\ud83d\udd0d Research needed** - Fix and testing requirements to be determined.\n\n### Notes\n- Auto-imported from Codacy scan\n- Review individually",
    "labels": [
      "Security"
    ],
    "priority": 1,
    "state": "Todo",
    "team": "Hextrackr"
  }
]