{
  "type": "tickets",
  "count": 1,
  "data": [
    {
      "id": "ticket_1757982040317_0",
      "date_submitted": "2025-08-29",
      "date_due": "2025-10-01",
      "hexagon_ticket": "10755113",
      "service_now_ticket": "CHG278321",
      "location": "SPRING",
      "devices": "SPRINGNSWAN05",
      "supervisor": "DREYER, AARON; MIDDENDORF, BRYAN",
      "tech": "",
      "status": "Open",
      "notes": "",
      "attachments": "[]",
      "created_at": "2025-09-16T00:20:40.317Z",
      "updated_at": "2025-09-16T00:20:40.317Z",
      "site": "",
      "xt_number": "0001",
      "site_id": null,
      "location_id": null
    }
  ],
  "exported_at": "2025-09-16T00:24:07.654Z"
}