id,xt_number,date_submitted,date_due,hexagon_ticket,service_now_ticket,location,devices,supervisor,tech,status,notes,created_at,updated_at
1758300934919,0029,2025-08-29,2025-09-01,10755385,CHG278367,ALEDO,"[""ALEDONSWAN03"",""ALEDONSWAN02"",""ALEDONSWAN01""]","LAMPE, DANNY; SMITH, MICHAEL",,Overdue,,2025-09-19T16:55:34.919Z,2025-09-19T16:55:43.817Z
1758300864505,0028,2025-08-29,2025-10-01,10755121,CHG278830,WTULSA,"[""WTULSANSWAN32"",""WTULSANSWAN31"",""WTULSANSWAN28"",""WTULSANSWAN26"",""WTULSANSWAN23"",""WTULSANSWAN19"",""WTULSANSWAN17"",""WTULSANSWAN14"",""WTULSANSWAN12"",""WTULSANSWAN10"",""WTULSANSWAN05""]","DREYER, AARON; MCKENZIE, TY",,Open,,2025-09-19T16:54:24.506Z,2025-09-19T16:54:24.506Z
1758300704286,0027,2025-08-29,2025-10-01,10755115,CHG278322,STROUD,"[""STROUDNSWAN03"",""STROUDNSWAN02"",""STROUDNSWAN01""]","ANDERSON, RYAN",,Open,,2025-09-19T16:51:44.286Z,2025-09-19T16:51:44.286Z
1758300636527,0026,2025-08-28,2025-10-01,10755109,CHG278312,PORTB,"[""PORTBNSWAN02""]","BEST, JEREMIAH; BROWNE, JAKE; CLARK, CASEY; PHILLIPS, CORY; SANDOVAL, LUIS;",,Open,,2025-09-19T16:50:36.528Z,2025-09-19T16:50:36.528Z
1758300535148,0025,2025-08-22,2025-09-29,10733351,INC1093223,PALMY,"[""PALMYNSWAN04"",""PALMYNSWAN01"",""PALMYNSWAN02""]","POWERS, TIM",,Open,,2025-09-19T16:48:55.149Z,2025-09-19T16:48:55.149Z
1758300445439,0024,2025-08-21,2025-08-28,10723401,INC1091977,DIAAIR,"[""DIAAIRNSWAN01""]","JENKINS II, JJ",,Overdue,,2025-09-19T16:47:25.440Z,2025-09-19T16:47:25.440Z
1758300117168,0023,2025-07-23,2025-09-01,10733250,INC1093061,HOUSTN,"[""HOUSTNNSWAN62"",""HOUSTNNSWAN63"",""HOUSTNNSWAN51""]","BRYANT, CLIFF; FLORES, JASON",,Overdue,,2025-09-19T16:41:57.168Z,2025-09-19T16:41:57.168Z
1758299912075,0022,2025-07-23,2025-09-01,10733330,INC1093152,MONTEZ,"[""MONTEZNSWAN01""]","ECKHOFF, MARCIA; GROVER, ANTHONY",,Overdue,,2025-09-19T16:38:32.076Z,2025-09-19T16:38:32.076Z
1758299835917,0021,2025-07-21,2025-08-21,10732403,INC1091983,DRUMP,"[""DRUMPNSWAN03""]","CANTRELL, JEREMY; LANCE, RYAN",,Overdue,,2025-09-19T16:37:15.918Z,2025-09-19T16:37:15.918Z
1758299750278,0020,2025-07-21,2025-08-31,10732408,INC1092015,GRIMES,"[""GRIMESNSWAN03"",""GRIMESNSWAN02""]","VAN TINE, ROY",,Overdue,,2025-09-19T16:35:50.278Z,2025-09-19T16:36:07.028Z
1758299666298,0019,2025-08-29,2025-10-01,10755113,CHG278321,SPRING,"[""SPRINGNSWAN05""]","DREYER, AARON; MIDDENDORF, BRYAN",,Open,,2025-09-19T16:34:26.298Z,2025-09-19T16:34:26.298Z
1758299566158,0018,2025-09-08,2025-10-08,10767448,CHG278792,ALEXAN,"[""ALEXANNSWAN03""]","GLAZEBROOK, TURNER; QUAL, JAYSON",,Completed,,2025-09-19T16:32:46.158Z,2025-09-19T16:32:46.158Z
1758299487859,0017,2025-05-20,2025-06-30,10694378,INC1070180,GLENPL,"[""GLENPLNSWAN01"",""GLENPLNSWAN02"",""GLENPLNSWAN03""]","DREYER, AARON; MCKENZIE, TY",,Completed,,2025-09-19T16:31:27.859Z,2025-09-19T17:01:05.182Z
1758299386578,0016,2025-06-25,2025-07-25,10713758,INC1084167,SPEEDJ,"[""SPEEDJNSWAN08"",""SPEEDJNSWAN09"",""SPEEDJNSWAN14""]","BROWN, HUNTER; BYRD, DAN; THOMAS, DUSTIN",,Completed,,2025-09-19T16:29:46.578Z,2025-09-19T16:30:13.637Z
1758299255715,0015,2025-07-03,2025-08-03,10723359,INC1086948,DESMST,"[""DESMSTNSWAN06"",""DESMSTNSWAN08"",""DESMSTNSWAN24""]","CRAWFORD, SCOTT; DIDLOTT, JUSTIN; ECKHOFF, MARCIA; GROVER, ANTHONY",,Completed,,2025-09-19T16:27:35.715Z,2025-09-19T16:27:42.963Z
1758299141767,0014,2025-07-03,2025-08-03,10722925,INC1086906,DALLAS,"[""DALLASNSWAN07""]","LAMPE, DANNY; SMITH, MICHAEL",,Completed,,2025-09-19T16:25:41.767Z,2025-09-19T16:25:41.767Z
1758299073991,0013,2025-07-03,2025-08-03,10722924,INC1086900,COMMANC,"[""COMMANCNSWAN02"",""COMMANCNSWAN03""]","ORTIZ, CESAR",,Completed,,2025-09-19T16:24:33.992Z,2025-09-19T16:24:42.654Z
1758298979695,0012,2025-07-03,2025-08-03,10722923,INC1086892,CEDARV,"[""CEDARVNSWAN04"",""CEDARVNSWAN02""]","STOKES, DANIEL",,Completed,"8/25/25 - Site down until 4:30 PM,  Updated 04, 02, pushing code to 03, 01, if possible will update the entire site today. -ldb",2025-09-19T16:22:59.695Z,2025-09-19T16:23:18.016Z
1758298876575,0011,2025-07-09,2025-08-09,10725899,INC1088449,ELPALH,"[""ELPALHNSWAN16"",""ELPALHNSWAN02""]","BRYANT, CLIFF; FLORES, JASON",,Completed,"Scheduilng for Sunday 9/7/2025   Switch 16 @ 12pm CST,  Switch 02 @ 1PM CST
Gary K, is on call, Joe V, has My Cell Info for backup.  Install will be automated, should not require intervention.  Joe will test at 1pm his time or 2pm CST, and if there are any issues he will call the ITCC. 
",2025-09-19T16:21:16.575Z,2025-09-19T16:21:16.575Z
1758298703502,0010,2025-07-09,2025-08-09,10725877,INC1088311,ELPW,"[""ALL""]","BRYANT, CLIFF; FLORES, JASON",,Completed,,2025-09-19T16:18:23.502Z,2025-09-19T16:18:23.502Z
1758298610704,0009,2025-07-09,2025-08-09,10725903,INC1088477,DUBQ,"[""ALL""]","BINSTOCK, JEFF; GLAZEBROOK, BRADY; GROVER, ANTHONY",,Completed,,2025-09-19T16:16:50.704Z,2025-09-19T16:16:50.704Z
1758298511837,0008,2025-07-09,2025-08-09,10725874,INC1088253,FALLS,"[""FALLSNSWAN03"",""FALLSNSWAN02"",""FALLSNSWAN01""]","VAN TINE, ROY",,Completed,,2025-09-19T16:15:11.837Z,2025-09-19T16:15:11.837Z
1758298354085,0007,2025-07-21,2025-08-21,10732405,INC1091991,GALENA,"[""GALENANSWAN09"",""GALENANSWAN07""]","SILVA, ROCKY; SNOW, PATRICK",,Completed,"Spoke with Dougie, Scheduled 9/4 @ 12:15pm CST",2025-09-19T16:12:34.086Z,2025-09-19T16:12:34.086Z
1758298247727,0006,2025-08-29,2025-10-01,10755102,CHG278307,PASAKM,"[""PASAKMNSWAN01""]","BOUARAR, WALLY",Juan Rivera (OKE22989),Completed,"ITCC received a call to schedule the reboot for CHG278307 - HEXAGON: Vulnerability Patching (PASA).
They will have downtime between 8 AM - 4 PM today. Juan Rivera (OKE22989) can be contacted at 346-315-8173.",2025-09-19T16:10:47.727Z,2025-09-19T22:18:33.369Z
1758298135142,0005,2025-08-29,2025-10-01,10755118,CHG278327,WILLIS,"[""WILLISNSWAN01""]","VAN TINE, ROY",,Completed,,2025-09-19T16:08:55.143Z,2025-09-19T16:08:55.143Z
1758297984879,0004,2025-09-19,2025-10-31,10773042,CHG279248,ARGOSY,"[""ARGOSYNSWAN01""]","ARMIJO, NICK; HEIL, KEVAN; OSWALD, MIKE",,Open,,2025-09-19T16:06:24.879Z,2025-09-19T17:53:37.952Z
1758297925494,0003,2025-09-19,2025-10-31,,,OMAHA,"[""OMAHANSWAN02""]",,,Pending,,2025-09-19T16:05:25.494Z,2025-09-19T16:05:25.494Z
1758297879437,0002,2025-09-19,2025-10-31,10773045,CHG279250,AMB192,"[""AMB192NSWAN01""]","BINSTOCK, JEFF; GLAZEBROOK, BRADY; GROVER, ANTHONY",,Open,,2025-09-19T16:04:39.437Z,2025-09-19T17:46:32.641Z
1758266492336,0001,2025-09-19,2025-10-31,10773041,CHG279247,ALLEN,"[""ALLENSWAN10"",""ALLENSWAN02""]","HAMMER, DOUGLAS; WILSON, CHRIS",,Open,,2025-09-19T07:21:32.337Z,2025-09-19T17:49:14.470Z