{
  "mcpServers": {
    "memento": {
      "command": "bash",
      "args": ["-c", "OPENAI_API_KEY=$(security find-generic-password -s HexTrackr -a OPENAI_API_KEY -w) npx -y @gannonh/memento-mcp"],
      "env": {
        "NEO4J_URI": "bolt://192.168.1.80:7687",
        "NEO4J_USERNAME": "neo4j",
        "NEO4J_PASSWORD": "MementoKnowledgeGraph2025!",
        "NEO4J_DATABASE": "neo4j",
        "MEMORY_STORAGE_TYPE": "neo4j",
        "OPENAI_EMBEDDING_MODEL": "text-embedding-3-small",
        "NEO4J_VECTOR_INDEX": "entity_embeddings",
        "NEO4J_VECTOR_DIMENSIONS": "1536",
        "NEO4J_SIMILARITY_FUNCTION": "cosine"
      },
      "startupTimeoutMs": 30000
    },
    "sequential-thinking": {
      "command": "npx",
      "args": ["-y", "@modelcontextprotocol/server-sequential-thinking"]
    },
    "brave-search": {
      "command": "npx",
      "args": ["-y", "@brave/brave-search-mcp-server"],
      "env": {
        "BRAVE_API_KEY": "BSAAdSvJU22DE_A4Cu1iQ06R0FaW3hT"
      }
    },
    "claude-context": {
      "command": "bash",
      "args": ["-c", "OPENAI_API_KEY=$(security find-generic-password -s HexTrackr -a OPENAI_API_KEY -w) MILVUS_TOKEN=$(security find-generic-password -s HexTrackr -a MILVUS_TOKEN -w 2>/dev/null || echo '') npx -y @zilliz/claude-context-mcp@latest"],
      "startupTimeoutMs": 30000
    }
  }
}